{
	"credit": "Made with Blockbench",
	"texture_size": [256, 256],
	"textures": {
		"0": "item/panzer4"
	},
	"elements": [
		{
			"name": "Cannon",
			"from": [6.25, 6.9, 6.85],
			"to": [9.75, 9.15, 9.1],
			"rotation": {"angle": 0, "axis": "y", "origin": [6.5, 6.9, 6.85]},
			"faces": {
				"north": {"uv": [12.375, 10, 13.25, 10.5625], "texture": "#0"},
				"east": {"uv": [13, 5.375, 13.5625, 5.9375], "texture": "#0"},
				"south": {"uv": [10.5, 12.375, 11.375, 12.9375], "texture": "#0"},
				"west": {"uv": [13, 5.9375, 13.5625, 6.5], "texture": "#0"},
				"up": {"uv": [13.25, 11.125, 12.375, 10.5625], "texture": "#0"},
				"down": {"uv": [13.5, 3.5, 12.625, 4.0625], "texture": "#0"}
			}
		},
		{
			"name": "Barrel",
			"from": [6.5, 7.275, 4.85],
			"to": [9.5, 8.775, 6.85],
			"rotation": {"angle": 0, "axis": "y", "origin": [6.75, 7.15, 4.85]},
			"faces": {
				"north": {"uv": [8.25, 5.25, 9, 5.625], "texture": "#0"},
				"east": {"uv": [13.375, 4.0625, 13.875, 4.4375], "texture": "#0"},
				"south": {"uv": [13, 6.5, 13.75, 6.875], "texture": "#0"},
				"west": {"uv": [4.125, 13.375, 4.625, 13.75], "texture": "#0"},
				"up": {"uv": [6.3125, 13.3125, 5.5625, 12.8125], "texture": "#0"},
				"down": {"uv": [7.0625, 12.8125, 6.3125, 13.3125], "texture": "#0"}
			}
		},
		{
			"name": "Breach",
			"from": [7, 7.275, 9.1],
			"to": [9, 8.775, 10.35],
			"rotation": {"angle": 0, "axis": "y", "origin": [7.25, 7.15, 9.1]},
			"faces": {
				"north": {"uv": [13.375, 7.625, 13.875, 8], "texture": "#0"},
				"east": {"uv": [8.3125, 13.4375, 8.625, 13.8125], "texture": "#0"},
				"south": {"uv": [13.375, 8, 13.875, 8.375], "texture": "#0"},
				"west": {"uv": [13.4375, 12, 13.75, 12.375], "texture": "#0"},
				"up": {"uv": [13.9375, 11.3125, 13.4375, 11], "texture": "#0"},
				"down": {"uv": [13.9375, 11.3125, 13.4375, 11.625], "texture": "#0"}
			}
		},
		{
			"name": "Cannon holder",
			"from": [6.75, 7.025, 9.1],
			"to": [9.25, 7.775, 12.1],
			"rotation": {"angle": 0, "axis": "y", "origin": [7, 6.9, 9.1]},
			"faces": {
				"north": {"uv": [13.5, 0, 14.125, 0.1875], "texture": "#0"},
				"east": {"uv": [13.4375, 11.625, 14.1875, 11.8125], "texture": "#0"},
				"south": {"uv": [13.5, 0.1875, 14.125, 0.375], "texture": "#0"},
				"west": {"uv": [13.4375, 11.8125, 14.1875, 12], "texture": "#0"},
				"up": {"uv": [12, 13.125, 11.375, 12.375], "texture": "#0"},
				"down": {"uv": [13.3125, 12.375, 12.6875, 13.125], "texture": "#0"}
			}
		},
		{
			"name": "Barrel",
			"from": [7.25, 7.275, 1.85],
			"to": [8.75, 8.775, 4.85],
			"rotation": {"angle": 0, "axis": "y", "origin": [7.5, 7.15, 1.85]},
			"faces": {
				"north": {"uv": [2.625, 11.375, 3, 11.75], "texture": "#0"},
				"east": {"uv": [13, 6.875, 13.75, 7.25], "texture": "#0"},
				"south": {"uv": [5.125, 11.375, 5.5, 11.75], "texture": "#0"},
				"west": {"uv": [13, 7.25, 13.75, 7.625], "texture": "#0"},
				"up": {"uv": [3, 11.375, 2.625, 10.625], "texture": "#0"},
				"down": {"uv": [13.375, 7.625, 13, 8.375], "texture": "#0"}
			}
		},
		{
			"name": "Muzzle",
			"from": [7.25, 7.275, -7.15],
			"to": [8.75, 8.775, -4.15],
			"rotation": {"angle": 0, "axis": "y", "origin": [7.5, 7.15, -7.15]},
			"faces": {
				"north": {"uv": [1.5, 11.4375, 1.875, 11.8125], "texture": "#0"},
				"east": {"uv": [7.9375, 13.0625, 8.6875, 13.4375], "texture": "#0"},
				"south": {"uv": [4.625, 13.375, 5, 13.75], "texture": "#0"},
				"west": {"uv": [9.625, 13.0625, 10.375, 13.4375], "texture": "#0"},
				"up": {"uv": [12.375, 13.75, 12, 13], "texture": "#0"},
				"down": {"uv": [4.125, 13.0625, 3.75, 13.8125], "texture": "#0"}
			}
		},
		{
			"name": "Barrel",
			"from": [7.5, 7.525, -4.15],
			"to": [8.5, 8.525, 1.85],
			"rotation": {"angle": 0, "axis": "y", "origin": [7.75, 7.4, -4.15]},
			"faces": {
				"north": {"uv": [6.5, 8.375, 6.75, 8.625], "texture": "#0"},
				"east": {"uv": [12.625, 4.6875, 14.125, 4.9375], "texture": "#0"},
				"south": {"uv": [6.25, 10.0625, 6.5, 10.3125], "texture": "#0"},
				"west": {"uv": [1.5, 12.875, 3, 13.125], "texture": "#0"},
				"up": {"uv": [9.625, 14.25, 9.375, 12.75], "texture": "#0"},
				"down": {"uv": [10.75, 12.9375, 10.5, 14.4375], "texture": "#0"}
			}
		}
	],
	"groups": [
		{
			"name": "Cannon",
			"origin": [6.25, 8.875, 5.125],
			"color": 0,
			"children": [0, 1, 2, 3, 4, 5, 6]
		}
	]
}