{
	"credit": "Made with Blockbench",
	"texture_size": [256, 256],
	"textures": {
		"0": "item/panzer4"
	},
	"elements": [
		{
			"name": "Track L",
			"from": [1.25, 7, -2],
			"to": [4.25, 10.5, 18],
			"rotation": {"angle": 0, "axis": "y", "origin": [1.5, 7, 8]},
			"faces": {
				"north": {"uv": [11.5, 5.125, 12.25, 6], "texture": "#0"},
				"east": {"uv": [4.5, 0, 9.5, 0.875], "texture": "#0"},
				"south": {"uv": [11.5, 6, 12.25, 6.875], "texture": "#0"},
				"west": {"uv": [4.5, 0.875, 9.5, 1.75], "texture": "#0"},
				"up": {"uv": [0.75, 10.625, 0, 5.625], "texture": "#0"},
				"down": {"uv": [1.5, 5.625, 0.75, 10.625], "texture": "#0"}
			}
		},
		{
			"name": "Track R",
			"from": [11.75, 7, -2],
			"to": [14.75, 10.5, 18],
			"rotation": {"angle": 0, "axis": "y", "origin": [12, 7, -1.75]},
			"faces": {
				"north": {"uv": [11.5, 6.875, 12.25, 7.75], "texture": "#0"},
				"east": {"uv": [4.5, 1.75, 9.5, 2.625], "texture": "#0"},
				"south": {"uv": [11.5, 7.75, 12.25, 8.625], "texture": "#0"},
				"west": {"uv": [4.5, 2.625, 9.5, 3.5], "texture": "#0"},
				"up": {"uv": [2.25, 10.625, 1.5, 5.625], "texture": "#0"},
				"down": {"uv": [3, 5.625, 2.25, 10.625], "texture": "#0"}
			}
		},
		{
			"name": "Track R",
			"from": [11.75, 6, 0.5],
			"to": [14.75, 7, 15.5],
			"rotation": {"angle": 0, "axis": "y", "origin": [12, 6, 0.75]},
			"faces": {
				"north": {"uv": [13.125, 2.75, 13.875, 3], "texture": "#0"},
				"east": {"uv": [4.5, 3.5, 8.25, 3.75], "texture": "#0"},
				"south": {"uv": [13.375, 4.4375, 14.125, 4.6875], "texture": "#0"},
				"west": {"uv": [4.5, 3.75, 8.25, 4], "texture": "#0"},
				"up": {"uv": [9, 12.375, 8.25, 8.625], "texture": "#0"},
				"down": {"uv": [9.75, 5.25, 9, 9], "texture": "#0"}
			}
		},
		{
			"name": "Track L",
			"from": [1.25, 6, 0.5],
			"to": [4.25, 7, 15.5],
			"rotation": {"angle": 0, "axis": "y", "origin": [1.5, 6, 0.75]},
			"faces": {
				"north": {"uv": [7.5625, 13.4375, 8.3125, 13.6875], "texture": "#0"},
				"east": {"uv": [11.375, 3, 15.125, 3.25], "texture": "#0"},
				"south": {"uv": [9.625, 13.4375, 10.375, 13.6875], "texture": "#0"},
				"west": {"uv": [11.375, 3.25, 15.125, 3.5], "texture": "#0"},
				"up": {"uv": [9.75, 12.75, 9, 9], "texture": "#0"},
				"down": {"uv": [3.75, 9.25, 3, 13], "texture": "#0"}
			}
		},
		{
			"name": "Track R",
			"from": [11.7625, 7, -2],
			"to": [14.7375, 10.5, 0.75],
			"rotation": {"angle": 22.5, "axis": "x", "origin": [11.75, 7, -2]},
			"faces": {
				"north": {"uv": [9.75, 11.5, 10.5, 12.375], "texture": "#0"},
				"east": {"uv": [5.125, 11.9375, 5.8125, 12.8125], "texture": "#0"},
				"south": {"uv": [10.5, 11.5, 11.25, 12.375], "texture": "#0"},
				"west": {"uv": [5.8125, 11.9375, 6.5, 12.8125], "texture": "#0"},
				"up": {"uv": [13, 6.5625, 12.25, 5.875], "texture": "#0"},
				"down": {"uv": [13, 6.5625, 12.25, 7.25], "texture": "#0"}
			}
		},
		{
			"name": "Track L",
			"from": [1.2625, 7, -2],
			"to": [4.2375, 10.5, 0.75],
			"rotation": {"angle": 22.5, "axis": "x", "origin": [1.25, 7, -2]},
			"faces": {
				"north": {"uv": [11.625, 9.5, 12.375, 10.375], "texture": "#0"},
				"east": {"uv": [2.1875, 12, 2.875, 12.875], "texture": "#0"},
				"south": {"uv": [11.625, 10.375, 12.375, 11.25], "texture": "#0"},
				"west": {"uv": [12, 11.25, 12.6875, 12.125], "texture": "#0"},
				"up": {"uv": [8.75, 13.0625, 8, 12.375], "texture": "#0"},
				"down": {"uv": [13.125, 8.625, 12.375, 9.3125], "texture": "#0"}
			}
		},
		{
			"name": "Track R",
			"from": [11.7625, 7, 15.25],
			"to": [14.7375, 10.5, 18],
			"rotation": {"angle": -22.5, "axis": "x", "origin": [11.75, 7, 18]},
			"faces": {
				"north": {"uv": [11.25, 11.5, 12, 12.375], "texture": "#0"},
				"east": {"uv": [6.5, 11.9375, 7.1875, 12.8125], "texture": "#0"},
				"south": {"uv": [11.625, 8.625, 12.375, 9.5], "texture": "#0"},
				"west": {"uv": [1.5, 12, 2.1875, 12.875], "texture": "#0"},
				"up": {"uv": [13, 7.9375, 12.25, 7.25], "texture": "#0"},
				"down": {"uv": [13, 7.9375, 12.25, 8.625], "texture": "#0"}
			}
		},
		{
			"name": "Track L",
			"from": [1.2625, 7, 15.25],
			"to": [4.2375, 10.5, 18],
			"rotation": {"angle": -22.5, "axis": "x", "origin": [1.25, 7, 18]},
			"faces": {
				"north": {"uv": [7.25, 11.75, 8, 12.625], "texture": "#0"},
				"east": {"uv": [12, 12.125, 12.6875, 13], "texture": "#0"},
				"south": {"uv": [11.875, 3.5, 12.625, 4.375], "texture": "#0"},
				"west": {"uv": [3.75, 12.1875, 4.4375, 13.0625], "texture": "#0"},
				"up": {"uv": [13.125, 10, 12.375, 9.3125], "texture": "#0"},
				"down": {"uv": [10.5, 12.375, 9.75, 13.0625], "texture": "#0"}
			}
		},
		{
			"name": "Tank front",
			"from": [4.25, 7.25, -2],
			"to": [11.75, 10.5, 1.5],
			"rotation": {"angle": 0, "axis": "y", "origin": [4.5, 7.25, -1.75]},
			"faces": {
				"north": {"uv": [9.75, 9.875, 11.625, 10.6875], "texture": "#0"},
				"east": {"uv": [5.5, 9.25, 6.375, 10.0625], "texture": "#0"},
				"south": {"uv": [10, 3.5, 11.875, 4.3125], "texture": "#0"},
				"west": {"uv": [3.75, 11.375, 4.625, 12.1875], "texture": "#0"},
				"up": {"uv": [11.375, 3.5, 9.5, 2.625], "texture": "#0"},
				"down": {"uv": [11.625, 9, 9.75, 9.875], "texture": "#0"}
			}
		},
		{
			"name": "Tank body",
			"from": [3.5, 7.25, 1.5],
			"to": [12.5, 13.25, 18],
			"rotation": {"angle": 0, "axis": "y", "origin": [3.75, 7.25, 1.75]},
			"faces": {
				"north": {"uv": [6.75, 5.625, 9, 7.125], "texture": "#0"},
				"east": {"uv": [0, 4.125, 4.125, 5.625], "texture": "#0"},
				"south": {"uv": [6.75, 7.125, 9, 8.625], "texture": "#0"},
				"west": {"uv": [4.125, 4.125, 8.25, 5.625], "texture": "#0"},
				"up": {"uv": [2.25, 4.125, 0, 0], "texture": "#0"},
				"down": {"uv": [4.5, 0, 2.25, 4.125], "texture": "#0"}
			}
		},
		{
			"name": "Tank cabin",
			"from": [11.5, 13, 4.75],
			"to": [4.5, 7.5, 1.75],
			"rotation": {"angle": 0, "axis": "y", "origin": [5.25, 8, 2.5]},
			"faces": {
				"north": {"uv": [3.75, 9.25, 5.5, 10.625], "texture": "#0"},
				"east": {"uv": [7.375, 10.375, 8.125, 11.75], "texture": "#0"},
				"south": {"uv": [9.5, 0, 11.25, 1.375], "texture": "#0"},
				"west": {"uv": [1.875, 10.625, 2.625, 12], "texture": "#0"},
				"up": {"uv": [5.5, 11.375, 3.75, 10.625], "texture": "#0"},
				"down": {"uv": [7.25, 11.1875, 5.5, 11.9375], "texture": "#0"}
			}
		},
		{
			"name": "Gearbox",
			"from": [7, 7.5, 1.75],
			"to": [9, 9.25, 4.75],
			"rotation": {"angle": 0, "axis": "y", "origin": [7.25, 7.5, 2]},
			"faces": {
				"north": {"uv": [6.3125, 13.3125, 6.8125, 13.75], "texture": "#0"},
				"east": {"uv": [3, 13, 3.75, 13.4375], "texture": "#0"},
				"south": {"uv": [13.3125, 12.375, 13.8125, 12.8125], "texture": "#0"},
				"west": {"uv": [13, 4.9375, 13.75, 5.375], "texture": "#0"},
				"up": {"uv": [0.5, 13.5625, 0, 12.8125], "texture": "#0"},
				"down": {"uv": [1, 12.8125, 0.5, 13.5625], "texture": "#0"}
			}
		},
		{
			"name": "Dial panel",
			"from": [7.75, 9.25, 2.5],
			"to": [8.25, 10, 4],
			"rotation": {"angle": 0, "axis": "y", "origin": [8, 9.25, 2.75]},
			"faces": {
				"north": {"uv": [11.5, 8.625, 11.625, 8.8125], "texture": "#0"},
				"east": {"uv": [11.625, 11.25, 12, 11.4375], "texture": "#0"},
				"south": {"uv": [11.5, 8.8125, 11.625, 9], "texture": "#0"},
				"west": {"uv": [5.125, 11.75, 5.5, 11.9375], "texture": "#0"},
				"up": {"uv": [8.25, 11.5, 8.125, 11.125], "texture": "#0"},
				"down": {"uv": [7.375, 11.1875, 7.25, 11.5625], "texture": "#0"}
			}
		},
		{
			"name": "Driver seat part 1",
			"from": [4.75, 7.5, 2.5],
			"to": [6.75, 8, 4.5],
			"rotation": {"angle": 0, "axis": "y", "origin": [5, 7.5, 2.75]},
			"faces": {
				"north": {"uv": [4.5, 4, 5, 4.125], "texture": "#0"},
				"east": {"uv": [5, 4, 5.5, 4.125], "texture": "#0"},
				"south": {"uv": [5.5, 4, 6, 4.125], "texture": "#0"},
				"west": {"uv": [6, 4, 6.5, 4.125], "texture": "#0"},
				"up": {"uv": [13.625, 2.75, 13.125, 2.25], "texture": "#0"},
				"down": {"uv": [3, 13.125, 2.5, 13.625], "texture": "#0"}
			}
		},
		{
			"name": "Gunner saddle",
			"from": [9.25, 7.5, 2.5],
			"to": [11.25, 8, 4.5],
			"rotation": {"angle": 0, "axis": "y", "origin": [9.5, 7.5, 2.75]},
			"faces": {
				"north": {"uv": [1, 13.5625, 1.5, 13.6875], "texture": "#0"},
				"east": {"uv": [5, 13.5625, 5.5, 13.6875], "texture": "#0"},
				"south": {"uv": [13.5625, 5.375, 14.0625, 5.5], "texture": "#0"},
				"west": {"uv": [13.5625, 5.5, 14.0625, 5.625], "texture": "#0"},
				"up": {"uv": [7.5625, 13.75, 7.0625, 13.25], "texture": "#0"},
				"down": {"uv": [13.75, 9.875, 13.25, 10.375], "texture": "#0"}
			}
		},
		{
			"name": "Driver seat part 2",
			"from": [4.75, 8, 4],
			"to": [6.75, 11, 4.5],
			"rotation": {"angle": 0, "axis": "y", "origin": [4.75, 8, 4]},
			"faces": {
				"north": {"uv": [1, 12.8125, 1.5, 13.5625], "texture": "#0"},
				"east": {"uv": [6.375, 9.25, 6.5, 10], "texture": "#0"},
				"south": {"uv": [5.0625, 12.8125, 5.5625, 13.5625], "texture": "#0"},
				"west": {"uv": [8.125, 10.375, 8.25, 11.125], "texture": "#0"},
				"up": {"uv": [7, 4.125, 6.5, 4], "texture": "#0"},
				"down": {"uv": [7.5, 4, 7, 4.125], "texture": "#0"}
			}
		},
		{
			"name": "Lever",
			"from": [6.75, 8, 3],
			"to": [7, 10, 3.25],
			"rotation": {"angle": -22.5, "axis": "x", "origin": [7, 8, 3.25]},
			"faces": {
				"north": {"uv": [7.1875, 11.9375, 7.25, 12.4375], "texture": "#0"},
				"east": {"uv": [4.4375, 12.1875, 4.5, 12.6875], "texture": "#0"},
				"south": {"uv": [4.5, 12.1875, 4.5625, 12.6875], "texture": "#0"},
				"west": {"uv": [4.5625, 12.1875, 4.625, 12.6875], "texture": "#0"},
				"up": {"uv": [6.4375, 10.375, 6.375, 10.3125], "texture": "#0"},
				"down": {"uv": [6.5, 10.3125, 6.4375, 10.375], "texture": "#0"}
			}
		},
		{
			"name": "Lever",
			"from": [6, 7.5, 2],
			"to": [6.25, 9.5, 2.25],
			"rotation": {"angle": 0, "axis": "y", "origin": [6.25, 7.5, 2.25]},
			"faces": {
				"north": {"uv": [9.3125, 13.375, 9.375, 13.875], "texture": "#0"},
				"east": {"uv": [8.625, 13.4375, 8.6875, 13.9375], "texture": "#0"},
				"south": {"uv": [5.5, 13.5625, 5.5625, 14.0625], "texture": "#0"},
				"west": {"uv": [13.5625, 5.875, 13.625, 6.375], "texture": "#0"},
				"up": {"uv": [11.3125, 2.5625, 11.25, 2.5], "texture": "#0"},
				"down": {"uv": [11.3125, 2.5625, 11.25, 2.625], "texture": "#0"}
			}
		},
		{
			"name": "Lever thing",
			"from": [6.5, 8.75, 2.2],
			"to": [7, 9, 3.2],
			"rotation": {"angle": 0, "axis": "y", "origin": [6.75, 8.75, 2.45]},
			"faces": {
				"north": {"uv": [6.375, 10, 6.5, 10.0625], "texture": "#0"},
				"east": {"uv": [8, 4, 8.25, 4.0625], "texture": "#0"},
				"south": {"uv": [6.25, 10.3125, 6.375, 10.375], "texture": "#0"},
				"west": {"uv": [8, 4.0625, 8.25, 4.125], "texture": "#0"},
				"up": {"uv": [11.375, 2.5, 11.25, 2.25], "texture": "#0"},
				"down": {"uv": [8.25, 11.5, 8.125, 11.75], "texture": "#0"}
			}
		},
		{
			"name": "Plank",
			"from": [3.25, 10.75, 10.5],
			"to": [3.5, 11.75, 16.5],
			"rotation": {"angle": 0, "axis": "y", "origin": [3.5, 10.75, 10.75]},
			"faces": {
				"north": {"uv": [15.6875, 0, 15.75, 0.25], "texture": "#0"},
				"east": {"uv": [0, 0, 0.0625, 0.0625], "texture": "#0"},
				"south": {"uv": [15.75, 0, 15.8125, 0.25], "texture": "#0"},
				"west": {"uv": [14.125, 0, 15.625, 0.25], "texture": "#0"},
				"up": {"uv": [15.625, 0, 15.6875, 1.5], "texture": "#0"},
				"down": {"uv": [15.8125, 0, 15.875, 1.5], "texture": "#0"}
			}
		},
		{
			"name": "Plank",
			"from": [3.25, 12, 10.5],
			"to": [3.5, 13, 16.5],
			"rotation": {"angle": 0, "axis": "y", "origin": [3.5, 12, 10.75]},
			"faces": {
				"north": {"uv": [15.6875, 0, 15.75, 0.25], "texture": "#0"},
				"east": {"uv": [0, 0, 0.0625, 0.0625], "texture": "#0"},
				"south": {"uv": [15.75, 0, 15.8125, 0.25], "texture": "#0"},
				"west": {"uv": [14.125, 0, 15.625, 0.25], "texture": "#0"},
				"up": {"uv": [15.625, 0, 15.6875, 1.5], "texture": "#0"},
				"down": {"uv": [15.8125, 0, 15.875, 1.5], "texture": "#0"}
			}
		},
		{
			"name": "Turret interior immobile",
			"from": [11.5, 13.25, 12.25],
			"to": [4.5, 8.25, 5.25],
			"rotation": {"angle": 0, "axis": "y", "origin": [8, 8.5, 8.75]},
			"faces": {
				"north": {"uv": [9.5, 1.375, 11.25, 2.625], "texture": "#0"},
				"east": {"uv": [9.75, 5.25, 11.5, 6.5], "texture": "#0"},
				"south": {"uv": [9.75, 6.5, 11.5, 7.75], "texture": "#0"},
				"west": {"uv": [9.75, 7.75, 11.5, 9], "texture": "#0"},
				"up": {"uv": [4.75, 9.25, 3, 7.5], "texture": "#0"},
				"down": {"uv": [6.5, 7.5, 4.75, 9.25], "texture": "#0"}
			}
		},
		{
			"name": "Shell rack",
			"from": [4.5, 8.25, 5.25],
			"to": [7.5, 10.25, 6.75],
			"rotation": {"angle": 0, "axis": "y", "origin": [4.75, 8.25, 5.5]},
			"faces": {
				"north": {"uv": [0, 0, 0.0625, 0.0625], "texture": "#0"},
				"east": {"uv": [0, 14.375, 0.375, 14.875], "texture": "#0"},
				"south": {"uv": [0.75, 14.375, 1.5, 14.875], "texture": "#0"},
				"west": {"uv": [0.375, 14.375, 0.75, 14.875], "texture": "#0"},
				"up": {"uv": [0, 14.875, 0.75, 15.25], "texture": "#0"},
				"down": {"uv": [0, 0, 0.0625, 0.0625], "texture": "#0"}
			}
		},
		{
			"name": "Shell rack",
			"from": [8.5, 8.25, 5.25],
			"to": [11.5, 10.25, 6.75],
			"rotation": {"angle": 0, "axis": "y", "origin": [8.75, 8.25, 5.5]},
			"faces": {
				"north": {"uv": [0, 0, 0.0625, 0.0625], "texture": "#0"},
				"east": {"uv": [0, 14.375, 0.375, 14.875], "texture": "#0"},
				"south": {"uv": [0.75, 14.375, 1.5, 14.875], "texture": "#0"},
				"west": {"uv": [0.375, 14.375, 0.75, 14.875], "texture": "#0"},
				"up": {"uv": [0, 14.875, 0.75, 15.25], "texture": "#0"},
				"down": {"uv": [0, 0, 0.0625, 0.0625], "texture": "#0"}
			}
		},
		{
			"name": "Plank",
			"from": [12.5, 12, 10.5],
			"to": [12.75, 13, 16.5],
			"rotation": {"angle": 0, "axis": "y", "origin": [12.5, 12, 16.25]},
			"faces": {
				"north": {"uv": [15.75, 0, 15.8125, 0.25], "texture": "#0"},
				"east": {"uv": [14.125, 0, 15.625, 0.25], "texture": "#0"},
				"south": {"uv": [15.6875, 0, 15.75, 0.25], "texture": "#0"},
				"west": {"uv": [0, 0, 0.0625, 0.0625], "texture": "#0"},
				"up": {"uv": [15.625, 0, 15.6875, 1.5], "rotation": 180, "texture": "#0"},
				"down": {"uv": [15.8125, 0, 15.875, 1.5], "rotation": 180, "texture": "#0"}
			}
		},
		{
			"name": "Plank",
			"from": [12.5, 10.75, 10.5],
			"to": [12.75, 11.75, 16.5],
			"rotation": {"angle": 0, "axis": "y", "origin": [12.5, 10.75, 16.25]},
			"faces": {
				"north": {"uv": [15.75, 0, 15.8125, 0.25], "texture": "#0"},
				"east": {"uv": [14.125, 0, 15.625, 0.25], "texture": "#0"},
				"south": {"uv": [15.6875, 0, 15.75, 0.25], "texture": "#0"},
				"west": {"uv": [0, 0, 0.0625, 0.0625], "texture": "#0"},
				"up": {"uv": [15.625, 0, 15.6875, 1.5], "rotation": 180, "texture": "#0"},
				"down": {"uv": [15.8125, 0, 15.875, 1.5], "rotation": 180, "texture": "#0"}
			}
		}
	],
	"groups": [
		{
			"name": "Body",
			"origin": [8, 0, 8],
			"color": 0,
			"children": [0, 1, 2, 3, 4, 5, 6, 7, 8, 9, 10, 11, 12, 13, 14, 15, 16, 17, 18, 19, 20, 21, 22, 23, 24, 25]
		}
	]
}