{
	"credit": "Made with Blockbench",
	"texture_size": [256, 256],
	"textures": {
		"0": "item/panzer4"
	},
	"elements": [
		{
			"name": "Turret",
			"from": [4.25, 12.25, 4.25],
			"to": [11.75, 15.5, 11.75],
			"rotation": {"angle": 0, "axis": "y", "origin": [8, 15.5, 7.95]},
			"faces": {
				"north": {"uv": [10, 4.3125, 11.875, 5.125], "texture": "#0"},
				"east": {"uv": [5.5, 10.375, 7.375, 11.1875], "texture": "#0"},
				"south": {"uv": [0, 10.625, 1.875, 11.4375], "texture": "#0"},
				"west": {"uv": [9.75, 10.6875, 11.625, 11.5], "texture": "#0"},
				"up": {"uv": [4.875, 7.5, 3, 5.625], "texture": "#0"},
				"down": {"uv": [6.75, 5.625, 4.875, 7.5], "texture": "#0"}
			}
		},
		{
			"name": "Cannopy",
			"from": [6.5, 15.5, 8.25],
			"to": [9.5, 16.75, 11.25],
			"rotation": {"angle": 0, "axis": "y", "origin": [6.75, 15.5, 8.45]},
			"faces": {
				"north": {"uv": [5.5, 10.0625, 6.25, 10.375], "texture": "#0"},
				"east": {"uv": [13.25, 10.375, 14, 10.6875], "texture": "#0"},
				"south": {"uv": [13.25, 10.6875, 14, 11], "texture": "#0"},
				"west": {"uv": [5.5625, 13.3125, 6.3125, 13.625], "texture": "#0"},
				"up": {"uv": [12.625, 5.125, 11.875, 4.375], "texture": "#0"},
				"down": {"uv": [13, 5.125, 12.25, 5.875], "texture": "#0"}
			}
		},
		{
			"name": "Cannopy interior",
			"from": [9, 16.75, 10.75],
			"to": [7, 15.25, 8.75],
			"rotation": {"angle": 0, "axis": "y", "origin": [10.25, 16.5, 11.95]},
			"faces": {
				"north": {"uv": [8.6875, 13.375, 9.1875, 13.75], "texture": "#0"},
				"east": {"uv": [13.375, 12.8125, 13.875, 13.1875], "texture": "#0"},
				"south": {"uv": [13.375, 13.1875, 13.875, 13.5625], "texture": "#0"},
				"west": {"uv": [3, 13.4375, 3.5, 13.8125], "texture": "#0"},
				"up": {"uv": [13.625, 8.875, 13.125, 8.375], "texture": "#0"},
				"down": {"uv": [13.625, 8.875, 13.125, 9.375], "texture": "#0"}
			}
		},
		{
			"name": "Turret seat part 1",
			"from": [4.5, 9, 7.5],
			"to": [6.5, 9.5, 9.5],
			"rotation": {"angle": 0, "axis": "y", "origin": [4.75, 9, 7.7]},
			"faces": {
				"north": {"uv": [10.5, 5.125, 11, 5.25], "texture": "#0"},
				"east": {"uv": [11, 5.125, 11.5, 5.25], "texture": "#0"},
				"south": {"uv": [13.5, 2, 14, 2.125], "texture": "#0"},
				"west": {"uv": [13.5, 2.125, 14, 2.25], "texture": "#0"},
				"up": {"uv": [13.625, 9.875, 13.125, 9.375], "texture": "#0"},
				"down": {"uv": [11.75, 13.125, 11.25, 13.625], "texture": "#0"}
			}
		},
		{
			"name": "Turret seat pole",
			"from": [5, 7.25, 8],
			"to": [6, 9, 9],
			"rotation": {"angle": 0, "axis": "y", "origin": [5.25, 7.25, 8.2]},
			"faces": {
				"north": {"uv": [6.5, 7.5, 6.75, 7.9375], "texture": "#0"},
				"east": {"uv": [6.5, 7.9375, 6.75, 8.375], "texture": "#0"},
				"south": {"uv": [8, 11.75, 8.25, 12.1875], "texture": "#0"},
				"west": {"uv": [11.75, 13.125, 12, 13.5625], "texture": "#0"},
				"up": {"uv": [2.875, 12, 2.625, 11.75], "texture": "#0"},
				"down": {"uv": [9, 12.375, 8.75, 12.625], "texture": "#0"}
			}
		},
		{
			"name": "Turret seat pole",
			"from": [10, 7.25, 8],
			"to": [11, 9, 9],
			"rotation": {"angle": 0, "axis": "y", "origin": [10.25, 7.25, 8.2]},
			"faces": {
				"north": {"uv": [6.8125, 13.3125, 7.0625, 13.75], "texture": "#0"},
				"east": {"uv": [3.5, 13.4375, 3.75, 13.875], "texture": "#0"},
				"south": {"uv": [13.5, 0.375, 13.75, 0.8125], "texture": "#0"},
				"west": {"uv": [13.5, 0.8125, 13.75, 1.25], "texture": "#0"},
				"up": {"uv": [4.375, 13.3125, 4.125, 13.0625], "texture": "#0"},
				"down": {"uv": [13.8125, 5.625, 13.5625, 5.875], "texture": "#0"}
			}
		},
		{
			"name": "Turret seat part 2",
			"from": [4.5, 9.5, 9],
			"to": [6.5, 12.5, 9.5],
			"rotation": {"angle": 0, "axis": "y", "origin": [4.5, 9.5, 8.95]},
			"faces": {
				"north": {"uv": [10.75, 12.9375, 11.25, 13.6875], "texture": "#0"},
				"east": {"uv": [2.875, 11.75, 3, 12.5], "texture": "#0"},
				"south": {"uv": [13, 0, 13.5, 0.75], "texture": "#0"},
				"west": {"uv": [10.375, 13.0625, 10.5, 13.8125], "texture": "#0"},
				"up": {"uv": [8, 4.125, 7.5, 4], "texture": "#0"},
				"down": {"uv": [10.5, 5.125, 10, 5.25], "texture": "#0"}
			}
		},
		{
			"name": "Turret seat part 1",
			"from": [9.5, 9, 7.5],
			"to": [11.5, 9.5, 9.5],
			"rotation": {"angle": 0, "axis": "y", "origin": [9.75, 9, 7.7]},
			"faces": {
				"north": {"uv": [13.5, 3.75, 14, 3.875], "texture": "#0"},
				"east": {"uv": [13.5, 3.875, 14, 4], "texture": "#0"},
				"south": {"uv": [0, 13.5625, 0.5, 13.6875], "texture": "#0"},
				"west": {"uv": [0.5, 13.5625, 1, 13.6875], "texture": "#0"},
				"up": {"uv": [12.875, 13.625, 12.375, 13.125], "texture": "#0"},
				"down": {"uv": [13.375, 13.125, 12.875, 13.625], "texture": "#0"}
			}
		},
		{
			"name": "Turret seat part 2",
			"from": [9.5, 9.5, 9],
			"to": [11.5, 12.5, 9.5],
			"rotation": {"angle": 0, "axis": "y", "origin": [9.5, 9.5, 8.95]},
			"faces": {
				"north": {"uv": [13, 0.75, 13.5, 1.5], "texture": "#0"},
				"east": {"uv": [9.1875, 13.375, 9.3125, 14.125], "texture": "#0"},
				"south": {"uv": [13, 1.5, 13.5, 2.25], "texture": "#0"},
				"west": {"uv": [13.5, 1.25, 13.625, 2], "texture": "#0"},
				"up": {"uv": [14, 3.625, 13.5, 3.5], "texture": "#0"},
				"down": {"uv": [14, 3.625, 13.5, 3.75], "texture": "#0"}
			}
		},
		{
			"name": "Turret interior",
			"from": [11.5, 15.2525, 11.45],
			"to": [4.5, 12.2525, 4.45],
			"rotation": {"angle": 0, "axis": "y", "origin": [8, 12.75, 7.95]},
			"faces": {
				"north": {"uv": [11.25, 0, 13, 0.75], "texture": "#0"},
				"east": {"uv": [11.25, 0.75, 13, 1.5], "texture": "#0"},
				"south": {"uv": [11.25, 1.5, 13, 2.25], "texture": "#0"},
				"west": {"uv": [11.375, 2.25, 13.125, 3], "texture": "#0"},
				"up": {"uv": [10, 5.25, 8.25, 3.5], "texture": "#0"},
				"down": {"uv": [8.25, 8.625, 6.5, 10.375], "texture": "#0"}
			}
		}
	],
	"groups": [
		{
			"name": "Turret",
			"origin": [8, 7.25, 8.75],
			"color": 0,
			"children": [0, 1, 2, 3, 4, 5, 6, 7, 8, 9]
		}
	]
}