{
	"credit": "Made with Blockbench",
	"texture_size": [256, 256],
	"textures": {
		"0": "item/panzer4"
	},
	"elements": [
		{
			"name": "Wheel",
			"from": [6.47, 6.72, 6.77],
			"to": [9.485, 9.235, 9.285],
			"rotation": {"angle": 0, "axis": "y", "origin": [2.75, 1.55, 8]},
			"faces": {
				"north": {"uv": [12.625, 4.0625, 13.375, 4.6875], "texture": "#0"},
				"east": {"uv": [4.4375, 12.75, 5.0625, 13.375], "texture": "#0"},
				"south": {"uv": [7.1875, 12.625, 7.9375, 13.25], "texture": "#0"},
				"west": {"uv": [8.75, 12.75, 9.375, 13.375], "texture": "#0"},
				"up": {"uv": [13.4375, 11.75, 12.6875, 11.125], "texture": "#0"},
				"down": {"uv": [13.4375, 11.75, 12.6875, 12.375], "texture": "#0"}
			}
		}
	]
}