{
	"credit": "Made with Blockbench",
	"texture_size": [256, 256],
	"textures": {
		"0": "item/test_panzer_texture"
	},
	"elements": [
		{
			"name": "Guide wheel",
			"from": [6.725, 6.725, 6.725],
			"to": [9.275, 9.275, 9.275],
			"rotation": {"angle": 0, "axis": "y", "origin": [7, 6.75, 7]},
			"faces": {
				"north": {"uv": [10.75, 3.5, 11.375, 4.125], "texture": "#0"},
				"east": {"uv": [6.25, 10.75, 6.875, 11.375], "texture": "#0"},
				"south": {"uv": [10.75, 6.25, 11.375, 6.875], "texture": "#0"},
				"west": {"uv": [10.75, 8.375, 11.375, 9], "texture": "#0"},
				"up": {"uv": [11, 11.4375, 10.375, 10.8125], "texture": "#0"},
				"down": {"uv": [11.5, 4.125, 10.875, 4.75], "texture": "#0"}
			}
		}
	],
	"groups": [
		{
			"name": "Tank wheel",
			"origin": [-11, 0, 8],
			"color": 0,
			"children": [0]
		}
	]
}