{
	"credit": "Made with Blockbench",
	"texture_size": [256, 256],
	"textures": {
		"0": "item/test_panzer_texture"
	},
	"elements": [
		{
			"name": "Turret base",
			"from": [4, 10.5, 4],
			"to": [12, 13.75, 12],
			"rotation": {"angle": 0, "axis": "y", "origin": [4.5, 10.75, 9.5]},
			"faces": {
				"north": {"uv": [3.875, 10.125, 5.875, 10.9375], "texture": "#0"},
				"east": {"uv": [10.5, 9.125, 12.5, 9.9375], "texture": "#0"},
				"south": {"uv": [9.375, 7.25, 11.375, 8.0625], "texture": "#0"},
				"west": {"uv": [1.875, 10.125, 3.875, 10.9375], "texture": "#0"},
				"up": {"uv": [2, 7, 0, 5], "rotation": 180, "texture": "#0"},
				"down": {"uv": [8, 4.5, 6, 6.5], "rotation": 180, "texture": "#0"}
			}
		},
		{
			"name": "Turret interior",
			"from": [11.725, 13.725, 11.725],
			"to": [4.275, 10.525, 4.275],
			"rotation": {"angle": 0, "axis": "y", "origin": [-3.75, 14, 1.25]},
			"faces": {
				"north": {"uv": [7.5, 10.625, 9.375, 11.4375], "texture": "#0"},
				"east": {"uv": [9.375, 10.75, 11.25, 11.5625], "texture": "#0"},
				"south": {"uv": [0, 10.25, 1.875, 11.0625], "texture": "#0"},
				"west": {"uv": [10.5, 9.9375, 12.375, 10.75], "texture": "#0"},
				"up": {"uv": [1.875, 8.875, 0, 7], "rotation": 180, "texture": "#0"},
				"down": {"uv": [9.375, 6.5, 7.5, 8.375], "rotation": 180, "texture": "#0"}
			}
		},
		{
			"name": "Turret interior lower",
			"from": [11, 10.5, 11],
			"to": [5, 7.75, 5],
			"rotation": {"angle": 0, "axis": "y", "origin": [-4.5, 11.25, 0.5]},
			"faces": {
				"north": {"uv": [11, 2.625, 12.5, 3.3125], "texture": "#0"},
				"east": {"uv": [11, 3.3125, 12.5, 4], "texture": "#0"},
				"south": {"uv": [11, 1.25, 12.5, 1.9375], "texture": "#0"},
				"west": {"uv": [11, 1.9375, 12.5, 2.625], "texture": "#0"},
				"up": {"uv": [9, 10.625, 7.5, 9.125], "rotation": 180, "texture": "#0"},
				"down": {"uv": [10.5, 9.125, 9, 10.625], "rotation": 180, "texture": "#0"}
			}
		},
		{
			"name": "Turret back",
			"from": [5, 11.25, 12],
			"to": [11, 13.75, 14.5],
			"rotation": {"angle": 0, "axis": "y", "origin": [3.5, 11.5, 12]},
			"faces": {
				"north": {"uv": [11.25, 10.75, 12.75, 11.375], "texture": "#0"},
				"east": {"uv": [5, 11.5625, 5.625, 12.1875], "texture": "#0"},
				"south": {"uv": [0, 11.0625, 1.5, 11.6875], "texture": "#0"},
				"west": {"uv": [6.875, 11.5, 7.5, 12.125], "texture": "#0"},
				"up": {"uv": [12.875, 7.875, 11.375, 7.25], "rotation": 180, "texture": "#0"},
				"down": {"uv": [12.75, 11.375, 11.25, 12], "rotation": 180, "texture": "#0"}
			}
		},
		{
			"name": "Turret cannopy",
			"from": [6.25, 13.75, 8.5],
			"to": [9.75, 15.25, 12],
			"rotation": {"angle": 0, "axis": "y", "origin": [2.25, 14, 9.5]},
			"faces": {
				"north": {"uv": [12.5, 1.625, 13.375, 2], "texture": "#0"},
				"east": {"uv": [12.5, 2, 13.375, 2.375], "texture": "#0"},
				"south": {"uv": [10.125, 12.4375, 11, 12.8125], "texture": "#0"},
				"west": {"uv": [12.5, 1.25, 13.375, 1.625], "texture": "#0"},
				"up": {"uv": [11, 12.4375, 10.125, 11.5625], "rotation": 180, "texture": "#0"},
				"down": {"uv": [0.875, 11.6875, 0, 12.5625], "rotation": 180, "texture": "#0"}
			}
		},
		{
			"name": "Turret cannopy interior",
			"from": [9.25, 15.25, 11.5],
			"to": [6.75, 13.75, 9],
			"rotation": {"angle": 0, "axis": "y", "origin": [-0.75, 15.5, 6.5]},
			"faces": {
				"north": {"uv": [12.3125, 12.625, 12.9375, 13], "texture": "#0"},
				"east": {"uv": [2.75, 12.6875, 3.375, 13.0625], "texture": "#0"},
				"south": {"uv": [12.625, 8.5625, 13.25, 8.9375], "texture": "#0"},
				"west": {"uv": [11.6875, 12.625, 12.3125, 13], "texture": "#0"},
				"up": {"uv": [7.5, 12.75, 6.875, 12.125], "rotation": 180, "texture": "#0"},
				"down": {"uv": [13, 9.9375, 12.375, 10.5625], "rotation": 180, "texture": "#0"}
			}
		}
	],
	"groups": [
		{
			"name": "Turret",
			"origin": [8, 9.75, 9],
			"color": 0,
			"children": [0, 1, 2, 3, 4, 5]
		}
	]
}