{
	"credit": "Made with Blockbench",
	"texture_size": [256, 256],
	"textures": {
		"0": "item/test_panzer_texture"
	},
	"elements": [
		{
			"name": "Track L",
			"from": [1.25, 6, -2],
			"to": [4.25, 10.5, 18],
			"rotation": {"angle": 0, "axis": "y", "origin": [4, 6, 17.75]},
			"faces": {
				"north": {"uv": [3.5, 11.5625, 4.25, 12.6875], "texture": "#0"},
				"east": {"uv": [6, 1.125, 11, 2.25], "texture": "#0"},
				"south": {"uv": [2.75, 11.5625, 3.5, 12.6875], "texture": "#0"},
				"west": {"uv": [6, 0, 11, 1.125], "texture": "#0"},
				"up": {"uv": [2.75, 10, 2, 5], "rotation": 180, "texture": "#0"},
				"down": {"uv": [3.5, 5, 2.75, 10], "rotation": 180, "texture": "#0"}
			}
		},
		{
			"from": [4.25, 9.5, -1],
			"to": [11.75, 9.75, 0],
			"rotation": {"angle": 0, "axis": "y", "origin": [4.25, 9.75, -2.5]},
			"faces": {
				"north": {"uv": [12, 6.4375, 13.875, 6.5], "texture": "#0"},
				"east": {"uv": [2.625, 10, 2.875, 10.0625], "texture": "#0"},
				"south": {"uv": [9.375, 8.3125, 11.25, 8.375], "texture": "#0"},
				"west": {"uv": [2.375, 10, 2.625, 10.0625], "texture": "#0"},
				"up": {"uv": [11.25, 8.3125, 9.375, 8.0625], "rotation": 180, "texture": "#0"},
				"down": {"uv": [12.875, 4, 11, 4.25], "rotation": 180, "texture": "#0"}
			}
		},
		{
			"from": [4.25, 9.5, 0],
			"to": [11.75, 10, 1],
			"rotation": {"angle": 0, "axis": "y", "origin": [4.25, 9.75, -1.5]},
			"faces": {
				"north": {"uv": [12.5, 9.625, 14.375, 9.75], "texture": "#0"},
				"east": {"uv": [2.125, 10, 2.375, 10.125], "texture": "#0"},
				"south": {"uv": [12.5, 3.875, 14.375, 4], "texture": "#0"},
				"west": {"uv": [1.875, 10, 2.125, 10.125], "texture": "#0"},
				"up": {"uv": [12.875, 4.5, 11, 4.25], "rotation": 180, "texture": "#0"},
				"down": {"uv": [13.5625, 12, 11.6875, 12.25], "rotation": 180, "texture": "#0"}
			}
		},
		{
			"from": [4.25, 9.5, 1],
			"to": [11.75, 10.25, 2],
			"rotation": {"angle": 0, "axis": "y", "origin": [4.25, 9.75, -0.5]},
			"faces": {
				"north": {"uv": [12.375, 10.5625, 14.25, 10.75], "texture": "#0"},
				"east": {"uv": [11.25, 8.0625, 11.5, 8.25], "texture": "#0"},
				"south": {"uv": [11.625, 7.0625, 13.5, 7.25], "texture": "#0"},
				"west": {"uv": [5.75, 9.875, 6, 10.0625], "texture": "#0"},
				"up": {"uv": [6.875, 12.4375, 5, 12.1875], "rotation": 180, "texture": "#0"},
				"down": {"uv": [2.75, 12.25, 0.875, 12.5], "rotation": 180, "texture": "#0"}
			}
		},
		{
			"name": "Track R",
			"from": [11.75, 6, -2],
			"to": [14.75, 10.5, 18],
			"rotation": {"angle": 0, "axis": "y", "origin": [14.5, 6, 17.75]},
			"faces": {
				"north": {"uv": [9.375, 11.5625, 10.125, 12.6875], "texture": "#0"},
				"east": {"uv": [6, 3.375, 11, 4.5], "texture": "#0"},
				"south": {"uv": [4.25, 11.5625, 5, 12.6875], "texture": "#0"},
				"west": {"uv": [6, 2.25, 11, 3.375], "texture": "#0"},
				"up": {"uv": [6.75, 11.5, 6, 6.5], "rotation": 180, "texture": "#0"},
				"down": {"uv": [7.5, 6.5, 6.75, 11.5], "rotation": 180, "texture": "#0"}
			}
		},
		{
			"name": "Tank cabin interior",
			"from": [11.75, 12.5, 4.75],
			"to": [4.25, 7, 2.25],
			"rotation": {"angle": 0, "axis": "y", "origin": [-4.75, 10.25, -13.75]},
			"faces": {
				"north": {"uv": [0, 8.875, 1.875, 10.25], "texture": "#0"},
				"east": {"uv": [7.5, 11.4375, 8.125, 12.8125], "texture": "#0"},
				"south": {"uv": [3.5, 8, 5.375, 9.375], "texture": "#0"},
				"west": {"uv": [5.375, 8, 6, 9.375], "texture": "#0"},
				"up": {"uv": [3.75, 11.5625, 1.875, 10.9375], "rotation": 180, "texture": "#0"},
				"down": {"uv": [5.625, 10.9375, 3.75, 11.5625], "rotation": 180, "texture": "#0"}
			}
		},
		{
			"name": "Body top",
			"from": [3.5, 9.5, 2],
			"to": [12.5, 12.5, 18],
			"rotation": {"angle": 0, "axis": "y", "origin": [5, 9.75, 15.5]},
			"faces": {
				"north": {"uv": [9.375, 6.5, 11.625, 7.25], "texture": "#0"},
				"east": {"uv": [7.5, 8.375, 11.5, 9.125], "texture": "#0"},
				"south": {"uv": [3.5, 9.375, 5.75, 10.125], "texture": "#0"},
				"west": {"uv": [8, 5.75, 12, 6.5], "texture": "#0"},
				"up": {"uv": [6, 4, 3.75, 0], "rotation": 180, "texture": "#0"},
				"down": {"uv": [6, 4, 3.75, 8], "rotation": 180, "texture": "#0"}
			}
		},
		{
			"name": "Body bottom",
			"from": [4.25, 7, -2],
			"to": [11.75, 9.5, 18],
			"rotation": {"angle": 0, "axis": "y", "origin": [11.5, 7, 17.75]},
			"faces": {
				"north": {"uv": [11, 0.625, 12.875, 1.25], "texture": "#0"},
				"east": {"uv": [8, 5.125, 13, 5.75], "texture": "#0"},
				"south": {"uv": [11, 0, 12.875, 0.625], "texture": "#0"},
				"west": {"uv": [8, 4.5, 13, 5.125], "texture": "#0"},
				"up": {"uv": [1.875, 5, 0, 0], "rotation": 180, "texture": "#0"},
				"down": {"uv": [3.75, 0, 1.875, 5], "rotation": 180, "texture": "#0"}
			}
		}
	],
	"groups": [
		{
			"name": "Tank body",
			"origin": [8, 0, 8],
			"color": 0,
			"children": [0, 1, 2, 3, 4, 5, 6, 7]
		}
	]
}