{
	"credit": "Made with Blockbench",
	"texture_size": [256, 256],
	"textures": {
		"0": "item/test_panzer_texture"
	},
	"elements": [
		{
			"name": "Cannon part 1",
			"from": [5.5, 6.65, 6.7],
			"to": [10.5, 9.4, 9.45],
			"rotation": {"angle": 0, "axis": "y", "origin": [5.5, 8.025, 8.075]},
			"faces": {
				"north": {"uv": [5.625, 11.5, 6.875, 12.1875], "texture": "#0"},
				"east": {"uv": [11, 12, 11.6875, 12.6875], "texture": "#0"},
				"south": {"uv": [8.125, 11.4375, 9.375, 12.125], "texture": "#0"},
				"west": {"uv": [12, 5.75, 12.6875, 6.4375], "texture": "#0"},
				"up": {"uv": [12.75, 8.5625, 11.5, 7.875], "rotation": 180, "texture": "#0"},
				"down": {"uv": [2.75, 11.5625, 1.5, 12.25], "rotation": 180, "texture": "#0"}
			}
		},
		{
			"name": "Cannon breach",
			"from": [7, 6.9, 9.45],
			"to": [9, 9.15, 11.45],
			"rotation": {"angle": 0, "axis": "y", "origin": [4, 8.275, 10.075]},
			"faces": {
				"north": {"uv": [12.5, 2.9375, 13, 3.5], "texture": "#0"},
				"east": {"uv": [8.125, 12.5, 8.625, 13.0625], "texture": "#0"},
				"south": {"uv": [0.875, 11.6875, 1.375, 12.25], "texture": "#0"},
				"west": {"uv": [12.5, 2.375, 13, 2.9375], "texture": "#0"},
				"up": {"uv": [13, 9.625, 12.5, 9.125], "rotation": 180, "texture": "#0"},
				"down": {"uv": [0.5, 12.5625, 0, 13.0625], "rotation": 180, "texture": "#0"}
			}
		},
		{
			"name": "Cannon part 2",
			"from": [5.75, 7.275, 4.45],
			"to": [10.25, 8.775, 6.7],
			"rotation": {"angle": 0, "axis": "y", "origin": [5.25, 8.525, 5.325]},
			"faces": {
				"north": {"uv": [11.6875, 12.25, 12.8125, 12.625], "texture": "#0"},
				"east": {"uv": [3.9375, 12.6875, 4.5, 13.0625], "texture": "#0"},
				"south": {"uv": [8.125, 12.125, 9.25, 12.5], "texture": "#0"},
				"west": {"uv": [3.375, 12.6875, 3.9375, 13.0625], "texture": "#0"},
				"up": {"uv": [12.625, 9.125, 11.5, 8.5625], "rotation": 180, "texture": "#0"},
				"down": {"uv": [12.75, 6.5, 11.625, 7.0625], "rotation": 180, "texture": "#0"}
			}
		},
		{
			"name": "Cannon part 3",
			"from": [7.25, 7.275, 2.45],
			"to": [8.75, 8.775, 4.45],
			"rotation": {"angle": 0, "axis": "y", "origin": [3.75, 8.525, 3.075]},
			"faces": {
				"north": {"uv": [5.5, 12.6875, 5.875, 13.0625], "texture": "#0"},
				"east": {"uv": [5, 12.6875, 5.5, 13.0625], "texture": "#0"},
				"south": {"uv": [0.5, 12.5625, 0.875, 12.9375], "texture": "#0"},
				"west": {"uv": [4.5, 12.6875, 5, 13.0625], "texture": "#0"},
				"up": {"uv": [6, 11.4375, 5.625, 10.9375], "rotation": 180, "texture": "#0"},
				"down": {"uv": [1.875, 11.0625, 1.5, 11.5625], "rotation": 180, "texture": "#0"}
			}
		},
		{
			"name": "Muzzle",
			"from": [7.25, 7.275, -6.55],
			"to": [8.75, 8.775, -3.55],
			"rotation": {"angle": 0, "axis": "y", "origin": [3.75, 8.525, -4.925]},
			"faces": {
				"north": {"uv": [5.875, 12.6875, 6.25, 13.0625], "texture": "#0"},
				"east": {"uv": [8.625, 12.5, 9.375, 12.875], "texture": "#0"},
				"south": {"uv": [12.6875, 5.75, 13.0625, 6.125], "texture": "#0"},
				"west": {"uv": [12.5, 3.5, 13.25, 3.875], "texture": "#0"},
				"up": {"uv": [6.875, 13.1875, 6.5, 12.4375], "rotation": 180, "texture": "#0"},
				"down": {"uv": [2.75, 12.5, 2.375, 13.25], "rotation": 180, "texture": "#0"}
			}
		},
		{
			"name": "Barrel",
			"from": [7.5, 7.525, -3.55],
			"to": [8.5, 8.525, 2.45],
			"rotation": {"angle": 0, "axis": "y", "origin": [3.5, 8.775, 1.075]},
			"faces": {
				"north": {"uv": [5.75, 9.625, 6, 9.875], "texture": "#0"},
				"east": {"uv": [0.875, 12.5, 2.375, 12.75], "texture": "#0"},
				"south": {"uv": [5.75, 9.375, 6, 9.625], "texture": "#0"},
				"west": {"uv": [5, 12.4375, 6.5, 12.6875], "texture": "#0"},
				"up": {"uv": [3.75, 6.5, 3.5, 5], "rotation": 180, "texture": "#0"},
				"down": {"uv": [3.75, 6.5, 3.5, 8], "rotation": 180, "texture": "#0"}
			}
		}
	],
	"groups": [
		{
			"name": "Cannon",
			"origin": [8, 8.125, 5.125],
			"color": 0,
			"children": [0, 1, 2, 3, 4, 5]
		}
	]
}