{
	"credit": "Made with Blockbench",
	"texture_size": [512, 512],
	"textures": {
		"0": "item/t34_texture"
	},
	"elements": [
		{
			"name": "Track L",
			"from": [1.25, 8.25, -3],
			"to": [4.25, 10.5, 19.25],
			"rotation": {"angle": 0, "axis": "y", "origin": [1.5, 6, -2.75]},
			"faces": {
				"north": {"uv": [1.875, 7.53125, 2.25, 7.8125], "texture": "#0"},
				"east": {"uv": [5.0625, 1.375, 7.84375, 1.65625], "texture": "#0"},
				"south": {"uv": [4.75, 7.59375, 5.125, 7.875], "texture": "#0"},
				"west": {"uv": [5.0625, 1.65625, 7.84375, 1.9375], "texture": "#0"},
				"up": {"uv": [2.75, 5.28125, 2.375, 2.5], "texture": "#0"},
				"down": {"uv": [3.125, 2.5, 2.75, 5.28125], "texture": "#0"}
			}
		},
		{
			"name": "Track R",
			"from": [11.75, 8.25, -3],
			"to": [14.75, 10.5, 19.25],
			"rotation": {"angle": 0, "axis": "y", "origin": [12, 6, -2.75]},
			"faces": {
				"north": {"uv": [7.625, 0.625, 8, 0.90625], "texture": "#0"},
				"east": {"uv": [5.0625, 1.9375, 7.84375, 2.21875], "texture": "#0"},
				"south": {"uv": [7.625, 4.125, 8, 4.40625], "texture": "#0"},
				"west": {"uv": [5.0625, 2.21875, 7.84375, 2.5], "texture": "#0"},
				"up": {"uv": [3.5, 5.28125, 3.125, 2.5], "texture": "#0"},
				"down": {"uv": [3.875, 0, 3.5, 2.78125], "texture": "#0"}
			}
		},
		{
			"name": "Track R",
			"from": [11.75, 6, -0.75],
			"to": [14.75, 8.25, 17],
			"rotation": {"angle": 0, "axis": "y", "origin": [12, 3.75, -0.5]},
			"faces": {
				"north": {"uv": [0.75, 7.65625, 1.125, 7.9375], "texture": "#0"},
				"east": {"uv": [5.0625, 2.5, 7.28125, 2.78125], "texture": "#0"},
				"south": {"uv": [3.6875, 7.6875, 4.0625, 7.96875], "texture": "#0"},
				"west": {"uv": [5.78125, 2.78125, 8, 3.0625], "texture": "#0"},
				"up": {"uv": [2.125, 6.46875, 1.75, 4.25], "texture": "#0"},
				"down": {"uv": [4.6875, 3.65625, 4.3125, 5.875], "texture": "#0"}
			}
		},
		{
			"name": "Track L",
			"from": [1.25, 6, -0.75],
			"to": [4.25, 8.25, 17],
			"rotation": {"angle": 0, "axis": "y", "origin": [1.5, 3.75, -0.5]},
			"faces": {
				"north": {"uv": [4.0625, 7.6875, 4.4375, 7.96875], "texture": "#0"},
				"east": {"uv": [5.78125, 3.0625, 8, 3.34375], "texture": "#0"},
				"south": {"uv": [7.6875, 5.8125, 8.0625, 6.09375], "texture": "#0"},
				"west": {"uv": [5.78125, 3.34375, 8, 3.625], "texture": "#0"},
				"up": {"uv": [5.0625, 5.875, 4.6875, 3.65625], "texture": "#0"},
				"down": {"uv": [3.875, 4.84375, 3.5, 7.0625], "texture": "#0"}
			}
		},
		{
			"name": "Body angle",
			"from": [3.2475, 8.93164, -2.81836],
			"to": [12.7525, 14.93663, -0.31337],
			"rotation": {"angle": 45, "axis": "x", "origin": [3.25, 9.18414, -2.81587]},
			"faces": {
				"north": {"uv": [3.875, 1.1875, 5.0625, 1.9375], "texture": "#0"},
				"east": {"uv": [3.875, 4.84375, 4.1875, 5.59375], "texture": "#0"},
				"south": {"uv": [3.875, 1.9375, 5.0625, 2.6875], "texture": "#0"},
				"west": {"uv": [3, 5.28125, 3.3125, 6.03125], "texture": "#0"},
				"up": {"uv": [5.0625, 6.96875, 3.875, 6.65625], "texture": "#0"},
				"down": {"uv": [7.875, 4.875, 6.6875, 5.1875], "texture": "#0"}
			}
		},
		{
			"name": "Cabin interior",
			"from": [11.495, 11.40401, 3.18954],
			"to": [4.505, 5.41401, 0.69954],
			"rotation": {"angle": 45, "axis": "x", "origin": [14, 11.65901, 3.19454]},
			"faces": {
				"north": {"uv": [5.0625, 5.15625, 5.9375, 5.90625], "texture": "#0"},
				"east": {"uv": [3.375, 7.0625, 3.6875, 7.8125], "texture": "#0"},
				"south": {"uv": [0, 5.25, 0.875, 6], "texture": "#0"},
				"west": {"uv": [5.375, 7.15625, 5.6875, 7.90625], "texture": "#0"},
				"up": {"uv": [7.75, 6.59375, 6.875, 6.28125], "texture": "#0"},
				"down": {"uv": [2.5, 6.90625, 1.625, 7.21875], "texture": "#0"}
			}
		},
		{
			"name": "Body bottom",
			"from": [3.25, 7.25, -1.25],
			"to": [12.75, 10.75, 17],
			"rotation": {"angle": 0, "axis": "y", "origin": [3.25, 7.25, -1]},
			"faces": {
				"north": {"uv": [6.0625, 3.625, 7.25, 4.0625], "texture": "#0"},
				"east": {"uv": [3.5, 2.78125, 5.78125, 3.21875], "texture": "#0"},
				"south": {"uv": [6.0625, 4.0625, 7.25, 4.5], "texture": "#0"},
				"west": {"uv": [3.5, 3.21875, 5.78125, 3.65625], "texture": "#0"},
				"up": {"uv": [1.1875, 2.28125, 0, 0], "texture": "#0"},
				"down": {"uv": [2.375, 0, 1.1875, 2.28125], "texture": "#0"}
			}
		},
		{
			"name": "Body angle rear",
			"from": [3.2475, 7.7475, 14.4975],
			"to": [12.7525, 13.2525, 17.0025],
			"rotation": {"angle": -22.5, "axis": "x", "origin": [3.25, 13.25, 17]},
			"faces": {
				"north": {"uv": [4.6875, 0, 5.875, 0.6875], "texture": "#0"},
				"east": {"uv": [3, 7.21875, 3.3125, 7.90625], "texture": "#0"},
				"south": {"uv": [5.0625, 0.6875, 6.25, 1.375], "texture": "#0"},
				"west": {"uv": [0, 7.25, 0.3125, 7.9375], "texture": "#0"},
				"up": {"uv": [7.875, 5.5, 6.6875, 5.1875], "texture": "#0"},
				"down": {"uv": [7.875, 5.5, 6.6875, 5.8125], "texture": "#0"}
			}
		},
		{
			"name": "Exhaust cover",
			"from": [4.9975, 9.9975, 16.9975],
			"to": [6.2525, 13.0025, 18.0025],
			"rotation": {"angle": -22.5, "axis": "x", "origin": [3.25, 13.25, 17]},
			"faces": {
				"north": {"uv": [3.3125, 5.28125, 3.46875, 5.65625], "texture": "#0"},
				"east": {"uv": [3.375, 0, 3.5, 0.375], "texture": "#0"},
				"south": {"uv": [3.3125, 5.65625, 3.46875, 6.03125], "texture": "#0"},
				"west": {"uv": [3.375, 0.375, 3.5, 0.75], "texture": "#0"},
				"up": {"uv": [3, 8.09375, 2.84375, 7.96875], "texture": "#0"},
				"down": {"uv": [8.21875, 6, 8.0625, 6.125], "texture": "#0"}
			}
		},
		{
			"name": "Exhaust cover",
			"from": [9.7475, 9.9975, 16.9975],
			"to": [11.0025, 13.0025, 18.0025],
			"rotation": {"angle": -22.5, "axis": "x", "origin": [3.25, 13.25, 17]},
			"faces": {
				"north": {"uv": [0.5625, 7.8125, 0.71875, 8.1875], "texture": "#0"},
				"east": {"uv": [3.375, 0.75, 3.5, 1.125], "texture": "#0"},
				"south": {"uv": [7.4375, 7.90625, 7.59375, 8.28125], "texture": "#0"},
				"west": {"uv": [3.375, 1.125, 3.5, 1.5], "texture": "#0"},
				"up": {"uv": [8.21875, 6.25, 8.0625, 6.125], "texture": "#0"},
				"down": {"uv": [6.34375, 8.0625, 6.1875, 8.1875], "texture": "#0"}
			}
		},
		{
			"name": "Exhaust pipe",
			"from": [9.9975, 9.2475, 16.9975],
			"to": [10.7525, 10.0025, 17.7525],
			"rotation": {"angle": -22.5, "axis": "x", "origin": [3.25, 13.25, 17]},
			"faces": {
				"north": {"uv": [4.875, 2.6875, 4.96875, 2.78125], "texture": "#0"},
				"east": {"uv": [4.9375, 1.09375, 5.03125, 1.1875], "texture": "#0"},
				"south": {"uv": [4.96875, 2.6875, 5.0625, 2.78125], "texture": "#0"},
				"west": {"uv": [7.1875, 5.8125, 7.28125, 5.90625], "texture": "#0"},
				"up": {"uv": [7.84375, 1.3125, 7.75, 1.21875], "texture": "#0"},
				"down": {"uv": [7.84375, 4.78125, 7.75, 4.875], "texture": "#0"}
			}
		},
		{
			"name": "Exhaust pipe",
			"from": [5.2475, 9.2475, 16.9975],
			"to": [6.0025, 10.0025, 17.7525],
			"rotation": {"angle": -22.5, "axis": "x", "origin": [-1.5, 13.25, 17]},
			"faces": {
				"north": {"uv": [5, 7.875, 5.09375, 7.96875], "texture": "#0"},
				"east": {"uv": [5.9375, 7.875, 6.03125, 7.96875], "texture": "#0"},
				"south": {"uv": [0.1875, 7.9375, 0.28125, 8.03125], "texture": "#0"},
				"west": {"uv": [5.9375, 7.96875, 6.03125, 8.0625], "texture": "#0"},
				"up": {"uv": [5.34375, 8.09375, 5.25, 8], "texture": "#0"},
				"down": {"uv": [0.28125, 8.03125, 0.1875, 8.125], "texture": "#0"}
			}
		},
		{
			"name": "Body top",
			"from": [3.25, 10.75, 1.25],
			"to": [12.75, 13.25, 17],
			"rotation": {"angle": 0, "axis": "y", "origin": [3.25, 10.75, 1.25]},
			"faces": {
				"north": {"uv": [5.0625, 6.84375, 6.25, 7.15625], "texture": "#0"},
				"east": {"uv": [5.875, 0, 7.84375, 0.3125], "texture": "#0"},
				"south": {"uv": [6.25, 6.84375, 7.4375, 7.15625], "texture": "#0"},
				"west": {"uv": [5.875, 0.3125, 7.84375, 0.625], "texture": "#0"},
				"up": {"uv": [1.1875, 4.25, 0, 2.28125], "texture": "#0"},
				"down": {"uv": [2.375, 2.28125, 1.1875, 4.25], "texture": "#0"}
			}
		},
		{
			"name": "Cabin interior",
			"from": [11.5, 13.25, 9.25],
			"to": [4.5, 7.25, 1.25],
			"rotation": {"angle": 0, "axis": "y", "origin": [13.5, 9.75, 9.25]},
			"faces": {
				"north": {"uv": [0.875, 5.25, 1.75, 6], "texture": "#0"},
				"east": {"uv": [5.0625, 3.65625, 6.0625, 4.40625], "texture": "#0"},
				"south": {"uv": [2.125, 5.28125, 3, 6.03125], "texture": "#0"},
				"west": {"uv": [5.0625, 4.40625, 6.0625, 5.15625], "texture": "#0"},
				"up": {"uv": [0.875, 5.25, 0, 4.25], "texture": "#0"},
				"down": {"uv": [1.75, 4.25, 0.875, 5.25], "texture": "#0"}
			}
		},
		{
			"name": "Cabin interior",
			"from": [11.5, 10.75, 1.25],
			"to": [4.5, 7.25, -1.25],
			"rotation": {"angle": 0, "axis": "y", "origin": [13.5, 9.75, 6.75]},
			"faces": {
				"north": {"uv": [0, 6.4375, 0.875, 6.875], "texture": "#0"},
				"east": {"uv": [4.4375, 7.28125, 4.75, 7.71875], "texture": "#0"},
				"south": {"uv": [0.875, 6.4375, 1.75, 6.875], "texture": "#0"},
				"west": {"uv": [7.4375, 7.46875, 7.75, 7.90625], "texture": "#0"},
				"up": {"uv": [3.375, 7.21875, 2.5, 6.90625], "texture": "#0"},
				"down": {"uv": [4.75, 6.96875, 3.875, 7.28125], "texture": "#0"}
			}
		},
		{
			"name": "Fluid tank",
			"from": [1.75, 11.5, 10.5],
			"to": [4.25, 14, 16.5],
			"rotation": {"angle": 0, "axis": "y", "origin": [2, 11.5, 10.75]},
			"faces": {
				"north": {"uv": [4.4375, 7.71875, 4.75, 8.03125], "texture": "#0"},
				"east": {"uv": [7, 1.0625, 7.75, 1.375], "texture": "#0"},
				"south": {"uv": [7.75, 0.90625, 8.0625, 1.21875], "texture": "#0"},
				"west": {"uv": [5.6875, 7.15625, 6.4375, 7.46875], "texture": "#0"},
				"up": {"uv": [6.75, 7.90625, 6.4375, 7.15625], "texture": "#0"},
				"down": {"uv": [7.0625, 7.15625, 6.75, 7.90625], "texture": "#0"}
			}
		},
		{
			"name": "Fluid tank",
			"from": [11.75, 11.5, 10.5],
			"to": [14.25, 14, 16.5],
			"rotation": {"angle": 0, "axis": "y", "origin": [12, 11.5, 10.75]},
			"faces": {
				"north": {"uv": [7.75, 6.09375, 8.0625, 6.40625], "texture": "#0"},
				"east": {"uv": [7.0625, 7.15625, 7.8125, 7.46875], "texture": "#0"},
				"south": {"uv": [7.75, 6.40625, 8.0625, 6.71875], "texture": "#0"},
				"west": {"uv": [1.625, 7.21875, 2.375, 7.53125], "texture": "#0"},
				"up": {"uv": [2.6875, 7.96875, 2.375, 7.21875], "texture": "#0"},
				"down": {"uv": [3, 7.21875, 2.6875, 7.96875], "texture": "#0"}
			}
		},
		{
			"name": "Driver seat part 1",
			"from": [5, 7.25, 1],
			"to": [7, 8, 3],
			"rotation": {"angle": 0, "axis": "y", "origin": [5.25, 7.25, 1.25]},
			"faces": {
				"north": {"uv": [4.625, 2.6875, 4.875, 2.78125], "texture": "#0"},
				"east": {"uv": [4.6875, 1.09375, 4.9375, 1.1875], "texture": "#0"},
				"south": {"uv": [6.6875, 5.8125, 6.9375, 5.90625], "texture": "#0"},
				"west": {"uv": [6.9375, 5.8125, 7.1875, 5.90625], "texture": "#0"},
				"up": {"uv": [8.125, 3.875, 7.875, 3.625], "texture": "#0"},
				"down": {"uv": [8.125, 5.0625, 7.875, 5.3125], "texture": "#0"}
			}
		},
		{
			"name": "Driver seat part 2",
			"from": [5, 8, 2.5],
			"to": [7, 11, 3],
			"rotation": {"angle": 0, "axis": "y", "origin": [5.25, 8, 2.75]},
			"faces": {
				"north": {"uv": [7.75, 7.46875, 8, 7.84375], "texture": "#0"},
				"east": {"uv": [3.375, 2, 3.4375, 2.375], "texture": "#0"},
				"south": {"uv": [1.375, 7.78125, 1.625, 8.15625], "texture": "#0"},
				"west": {"uv": [3.4375, 2, 3.5, 2.375], "texture": "#0"},
				"up": {"uv": [5.65625, 6.84375, 5.40625, 6.78125], "texture": "#0"},
				"down": {"uv": [7.5625, 6.21875, 7.3125, 6.28125], "texture": "#0"}
			}
		},
		{
			"name": "Driver seat part 3",
			"from": [9, 8, 2.5],
			"to": [11, 11, 3],
			"rotation": {"angle": 0, "axis": "y", "origin": [9.25, 8, 2.75]},
			"faces": {
				"north": {"uv": [1.625, 7.78125, 1.875, 8.15625], "texture": "#0"},
				"east": {"uv": [4.1875, 4.84375, 4.25, 5.21875], "texture": "#0"},
				"south": {"uv": [0.3125, 7.8125, 0.5625, 8.1875], "texture": "#0"},
				"west": {"uv": [4.25, 4.84375, 4.3125, 5.21875], "texture": "#0"},
				"up": {"uv": [8.125, 7.15625, 7.875, 7.09375], "texture": "#0"},
				"down": {"uv": [8.3125, 6.25, 8.0625, 6.3125], "texture": "#0"}
			}
		},
		{
			"name": "Driver seat part 2",
			"from": [9, 7.25, 1],
			"to": [11, 8, 3],
			"rotation": {"angle": 0, "axis": "y", "origin": [9.25, 7.25, 1.25]},
			"faces": {
				"north": {"uv": [7.25, 4.78125, 7.5, 4.875], "texture": "#0"},
				"east": {"uv": [7.5, 4.78125, 7.75, 4.875], "texture": "#0"},
				"south": {"uv": [8, 4.3125, 8.25, 4.40625], "texture": "#0"},
				"west": {"uv": [4.4375, 8.03125, 4.6875, 8.125], "texture": "#0"},
				"up": {"uv": [8.125, 5.5625, 7.875, 5.3125], "texture": "#0"},
				"down": {"uv": [8.125, 5.5625, 7.875, 5.8125], "texture": "#0"}
			}
		},
		{
			"name": "Lever",
			"from": [7.25, 7.25, 1.25],
			"to": [7.5, 9.25, 1.5],
			"rotation": {"angle": 0, "axis": "y", "origin": [7.5, 7.25, 1.5]},
			"faces": {
				"north": {"uv": [2.25, 7.53125, 2.28125, 7.78125], "texture": "#0"},
				"east": {"uv": [7.6875, 7.90625, 7.71875, 8.15625], "texture": "#0"},
				"south": {"uv": [7.71875, 7.90625, 7.75, 8.15625], "texture": "#0"},
				"west": {"uv": [0.28125, 7.9375, 0.3125, 8.1875], "texture": "#0"},
				"up": {"uv": [5.0625, 1.125, 5.03125, 1.09375], "texture": "#0"},
				"down": {"uv": [5.0625, 1.125, 5.03125, 1.15625], "texture": "#0"}
			}
		},
		{
			"name": "Lever",
			"from": [4.5, 7.25, 1.25],
			"to": [4.75, 9.25, 1.5],
			"rotation": {"angle": 0, "axis": "y", "origin": [4.75, 7.25, 1.5]},
			"faces": {
				"north": {"uv": [5.34375, 8, 5.375, 8.25], "texture": "#0"},
				"east": {"uv": [2.25, 8.03125, 2.28125, 8.28125], "texture": "#0"},
				"south": {"uv": [4.6875, 8.03125, 4.71875, 8.28125], "texture": "#0"},
				"west": {"uv": [4.71875, 8.03125, 4.75, 8.28125], "texture": "#0"},
				"up": {"uv": [5.0625, 1.1875, 5.03125, 1.15625], "texture": "#0"},
				"down": {"uv": [5.8125, 3.625, 5.78125, 3.65625], "texture": "#0"}
			}
		},
		{
			"name": "Lever",
			"from": [7.75, 7.25, 2.75],
			"to": [8, 9.75, 3],
			"rotation": {"angle": -22.5, "axis": "x", "origin": [8, 7.25, 3]},
			"faces": {
				"north": {"uv": [3.46875, 5.28125, 3.5, 5.59375], "texture": "#0"},
				"east": {"uv": [3.46875, 5.59375, 3.5, 5.90625], "texture": "#0"},
				"south": {"uv": [2.34375, 7.53125, 2.375, 7.84375], "texture": "#0"},
				"west": {"uv": [7.65625, 7.90625, 7.6875, 8.21875], "texture": "#0"},
				"up": {"uv": [5.84375, 3.65625, 5.8125, 3.625], "texture": "#0"},
				"down": {"uv": [5.875, 3.625, 5.84375, 3.65625], "texture": "#0"}
			}
		},
		{
			"name": "Turret base",
			"from": [5, 7.25, 4.25],
			"to": [11, 9.25, 8.75],
			"rotation": {"angle": 0, "axis": "y", "origin": [5.25, 11.25, 4.5]},
			"faces": {
				"north": {"uv": [6.875, 6.59375, 7.625, 6.84375], "texture": "#0"},
				"east": {"uv": [7.25, 4.53125, 7.8125, 4.78125], "texture": "#0"},
				"south": {"uv": [0.3125, 7.25, 1.0625, 7.5], "texture": "#0"},
				"west": {"uv": [7.28125, 2.5, 7.84375, 2.75], "texture": "#0"},
				"up": {"uv": [7, 1.1875, 6.25, 0.625], "texture": "#0"},
				"down": {"uv": [6.875, 6.28125, 6.125, 6.84375], "texture": "#0"}
			}
		},
		{
			"name": "Track R",
			"from": [11.7575, 8.2575, -2.9925],
			"to": [14.7425, 9.9925, 0.2175],
			"rotation": {"angle": 45, "axis": "x", "origin": [12, 8.25, -3]},
			"faces": {
				"north": {"uv": [3.3125, 7.8125, 3.6875, 8.03125], "texture": "#0"},
				"east": {"uv": [1.875, 7.8125, 2.28125, 8.03125], "texture": "#0"},
				"south": {"uv": [7.84375, 1.875, 8.21875, 2.09375], "texture": "#0"},
				"west": {"uv": [7.8125, 4.53125, 8.21875, 4.75], "texture": "#0"},
				"up": {"uv": [5.0625, 1.09375, 4.6875, 0.6875], "texture": "#0"},
				"down": {"uv": [1.625, 6, 1.25, 6.40625], "texture": "#0"}
			}
		},
		{
			"name": "Track R",
			"from": [11.7575, 5.97708, 16.97708],
			"to": [14.7425, 7.71208, 20.18708],
			"rotation": {"angle": -45, "axis": "x", "origin": [12, 5.96958, 16.96958]},
			"faces": {
				"north": {"uv": [7.84375, 2.09375, 8.21875, 2.3125], "texture": "#0"},
				"east": {"uv": [7.8125, 7.15625, 8.21875, 7.375], "texture": "#0"},
				"south": {"uv": [7.84375, 2.3125, 8.21875, 2.53125], "texture": "#0"},
				"west": {"uv": [7.84375, 0, 8.25, 0.21875], "texture": "#0"},
				"up": {"uv": [1.4375, 7.65625, 1.0625, 7.25], "texture": "#0"},
				"down": {"uv": [7.625, 4.125, 7.25, 4.53125], "texture": "#0"}
			}
		},
		{
			"name": "Track L",
			"from": [1.2575, 5.97708, 16.97708],
			"to": [4.2425, 7.71208, 20.18708],
			"rotation": {"angle": -45, "axis": "x", "origin": [1.5, 5.96958, 16.96958]},
			"faces": {
				"north": {"uv": [7.84375, 2.53125, 8.21875, 2.75], "texture": "#0"},
				"east": {"uv": [7.84375, 0.21875, 8.25, 0.4375], "texture": "#0"},
				"south": {"uv": [6.0625, 7.84375, 6.4375, 8.0625], "texture": "#0"},
				"west": {"uv": [7.84375, 1.21875, 8.25, 1.4375], "texture": "#0"},
				"up": {"uv": [4.0625, 7.6875, 3.6875, 7.28125], "texture": "#0"},
				"down": {"uv": [4.4375, 7.28125, 4.0625, 7.6875], "texture": "#0"}
			}
		},
		{
			"name": "Track L",
			"from": [1.2575, 8.2575, -2.9925],
			"to": [4.2425, 9.9925, 0.2175],
			"rotation": {"angle": 45, "axis": "x", "origin": [1.5, 8.25, -3]},
			"faces": {
				"north": {"uv": [7.0625, 7.84375, 7.4375, 8.0625], "texture": "#0"},
				"east": {"uv": [7.84375, 1.4375, 8.25, 1.65625], "texture": "#0"},
				"south": {"uv": [7.75, 7.84375, 8.125, 8.0625], "texture": "#0"},
				"west": {"uv": [7.84375, 1.65625, 8.25, 1.875], "texture": "#0"},
				"up": {"uv": [7.6875, 6.21875, 7.3125, 5.8125], "texture": "#0"},
				"down": {"uv": [6.0625, 7.46875, 5.6875, 7.875], "texture": "#0"}
			}
		}
	],
	"groups": [
		{
			"name": "Body",
			"origin": [8, 0, 8],
			"color": 0,
			"children": [0, 1, 2, 3, 4, 5, 6, 7, 8, 9, 10, 11, 12, 13, 14, 15, 16, 17, 18, 19, 20, 21, 22, 23, 24, 25, 26, 27, 28]
		}
	]
}