{
	"credit": "Made with Blockbench",
	"texture_size": [512, 512],
	"textures": {
		"0": "item/t34_texture"
	},
	"elements": [
		{
			"name": "Cannon",
			"from": [5.5, 6.25, 7],
			"to": [10.5, 9.75, 9],
			"rotation": {"angle": 0, "axis": "y", "origin": [5.75, 6.3, 7.2]},
			"faces": {
				"north": {"uv": [7, 0.625, 7.625, 1.0625], "texture": "#0"},
				"east": {"uv": [2.125, 4.25, 2.375, 4.6875], "texture": "#0"},
				"south": {"uv": [4.75, 7.15625, 5.375, 7.59375], "texture": "#0"},
				"west": {"uv": [2.125, 4.6875, 2.375, 5.125], "texture": "#0"},
				"up": {"uv": [6.6875, 5.125, 6.0625, 4.875], "texture": "#0"},
				"down": {"uv": [7.875, 3.625, 7.25, 3.875], "texture": "#0"}
			}
		},
		{
			"name": "Barrel",
			"from": [7.25, 7.25, 4.5],
			"to": [8.75, 8.75, 7],
			"rotation": {"angle": 0, "axis": "y", "origin": [7.5, 7.3, 4.7]},
			"faces": {
				"north": {"uv": [2.0625, 8.03125, 2.25, 8.21875], "texture": "#0"},
				"east": {"uv": [5.8125, 6.65625, 6.125, 6.84375], "texture": "#0"},
				"south": {"uv": [3.25, 8.03125, 3.4375, 8.21875], "texture": "#0"},
				"west": {"uv": [4.75, 6.96875, 5.0625, 7.15625], "texture": "#0"},
				"up": {"uv": [0.1875, 8.25, 0, 7.9375], "texture": "#0"},
				"down": {"uv": [2.84375, 7.96875, 2.65625, 8.28125], "texture": "#0"}
			}
		},
		{
			"name": "Breach",
			"from": [7, 7, 9],
			"to": [9, 8, 12.25],
			"rotation": {"angle": 0, "axis": "y", "origin": [7.25, 7.3, 9.2]},
			"faces": {
				"north": {"uv": [8, 7.71875, 8.25, 7.84375], "texture": "#0"},
				"east": {"uv": [8, 2.96875, 8.40625, 3.09375], "texture": "#0"},
				"south": {"uv": [3.4375, 8.03125, 3.6875, 8.15625], "texture": "#0"},
				"west": {"uv": [8, 3.09375, 8.40625, 3.21875], "texture": "#0"},
				"up": {"uv": [5.375, 8, 5.125, 7.59375], "texture": "#0"},
				"down": {"uv": [1.375, 7.65625, 1.125, 8.0625], "texture": "#0"}
			}
		},
		{
			"name": "Breach",
			"from": [7.25, 7.25, 9],
			"to": [8.75, 9, 11],
			"rotation": {"angle": 0, "axis": "y", "origin": [7.5, 7.3, 9.2]},
			"faces": {
				"north": {"uv": [3.6875, 7.0625, 3.875, 7.28125], "texture": "#0"},
				"east": {"uv": [8, 0.625, 8.25, 0.84375], "texture": "#0"},
				"south": {"uv": [1.875, 8.03125, 2.0625, 8.25], "texture": "#0"},
				"west": {"uv": [8, 2.75, 8.25, 2.96875], "texture": "#0"},
				"up": {"uv": [1.625, 7.5, 1.4375, 7.25], "texture": "#0"},
				"down": {"uv": [8.1875, 7.46875, 8, 7.71875], "texture": "#0"}
			}
		},
		{
			"name": "Barrel",
			"from": [7.5, 7.5, -5.5],
			"to": [8.5, 8.5, 4.5],
			"rotation": {"angle": 0, "axis": "y", "origin": [7.75, 7.55, -5.3]},
			"faces": {
				"north": {"uv": [3.375, 2.375, 3.5, 2.5], "texture": "#0"},
				"east": {"uv": [7.25, 3.875, 8.5, 4], "texture": "#0"},
				"south": {"uv": [7.625, 6.59375, 7.75, 6.71875], "texture": "#0"},
				"west": {"uv": [7.25, 4, 8.5, 4.125], "texture": "#0"},
				"up": {"uv": [3.375, 1.25, 3.25, 0], "texture": "#0"},
				"down": {"uv": [3.375, 1.25, 3.25, 2.5], "texture": "#0"}
			}
		},
		{
			"name": "Turret sight",
			"from": [6.5, 8.75, 9],
			"to": [5.5, 7.5, 7],
			"rotation": {"angle": 0, "axis": "y", "origin": [6.75, 8.8, 9.2]},
			"faces": {
				"north": {"uv": [3.375, 6.90625, 3.5, 7.0625], "texture": "#0"},
				"east": {"uv": [2.125, 5.125, 2.375, 5.28125], "texture": "#0"},
				"south": {"uv": [7.625, 0.90625, 7.75, 1.0625], "texture": "#0"},
				"west": {"uv": [0.75, 7.5, 1, 7.65625], "texture": "#0"},
				"up": {"uv": [3.5, 1.75, 3.375, 1.5], "texture": "#0"},
				"down": {"uv": [3.5, 1.75, 3.375, 2], "texture": "#0"}
			}
		}
	],
	"groups": [
		{
			"name": "Cannon",
			"origin": [5.5, 8.05, 8.075],
			"color": 0,
			"children": [0, 1, 2, 3, 4, 5]
		}
	]
}