{
	"credit": "Made with Blockbench",
	"texture_size": [512, 512],
	"textures": {
		"0": "item/t34_texture"
	},
	"elements": [
		{
			"name": "Turret saddle arm",
			"from": [9.75, 7.5, 8.25],
			"to": [10.25, 8, 11],
			"rotation": {"angle": 0, "axis": "y", "origin": [10, 7.5, 8.45]},
			"faces": {
				"north": {"uv": [1.625, 6.375, 1.6875, 6.4375], "texture": "#0"},
				"east": {"uv": [5.875, 0.625, 6.21875, 0.6875], "texture": "#0"},
				"south": {"uv": [1.6875, 6.375, 1.75, 6.4375], "texture": "#0"},
				"west": {"uv": [6.25, 1.3125, 6.59375, 1.375], "texture": "#0"},
				"up": {"uv": [5.6875, 8.25, 5.625, 7.90625], "texture": "#0"},
				"down": {"uv": [7, 7.90625, 6.9375, 8.25], "texture": "#0"}
			}
		},
		{
			"name": "Turret saddle arm",
			"from": [9.75, 8, 10.5],
			"to": [10.25, 11, 11],
			"rotation": {"angle": 0, "axis": "y", "origin": [10, 8, 11.7]},
			"faces": {
				"north": {"uv": [4.1875, 5.21875, 4.25, 5.59375], "texture": "#0"},
				"east": {"uv": [4.25, 5.21875, 4.3125, 5.59375], "texture": "#0"},
				"south": {"uv": [1.625, 6, 1.6875, 6.375], "texture": "#0"},
				"west": {"uv": [1.6875, 6, 1.75, 6.375], "texture": "#0"},
				"up": {"uv": [3.4375, 6.46875, 3.375, 6.40625], "texture": "#0"},
				"down": {"uv": [3.5, 6.40625, 3.4375, 6.46875], "texture": "#0"}
			}
		},
		{
			"name": "Turret saddle arm",
			"from": [5.75, 8, 10.5],
			"to": [6.25, 11, 11],
			"rotation": {"angle": 0, "axis": "y", "origin": [6, 8, 11.7]},
			"faces": {
				"north": {"uv": [3.375, 6.03125, 3.4375, 6.40625], "texture": "#0"},
				"east": {"uv": [3.4375, 6.03125, 3.5, 6.40625], "texture": "#0"},
				"south": {"uv": [3.3125, 7.21875, 3.375, 7.59375], "texture": "#0"},
				"west": {"uv": [2.28125, 7.53125, 2.34375, 7.90625], "texture": "#0"},
				"up": {"uv": [5.71875, 6.84375, 5.65625, 6.78125], "texture": "#0"},
				"down": {"uv": [5.78125, 6.78125, 5.71875, 6.84375], "texture": "#0"}
			}
		},
		{
			"name": "Turret saddle arm",
			"from": [5.75, 7.5, 8.25],
			"to": [6.25, 8, 11],
			"rotation": {"angle": 0, "axis": "y", "origin": [6, 7.5, 8.45]},
			"faces": {
				"north": {"uv": [6.9375, 1.3125, 7, 1.375], "texture": "#0"},
				"east": {"uv": [6.59375, 1.3125, 6.9375, 1.375], "texture": "#0"},
				"south": {"uv": [1, 7.5, 1.0625, 7.5625], "texture": "#0"},
				"west": {"uv": [5.0625, 6.78125, 5.40625, 6.84375], "texture": "#0"},
				"up": {"uv": [7.0625, 8.25, 7, 7.90625], "texture": "#0"},
				"down": {"uv": [7.65625, 7.90625, 7.59375, 8.25], "texture": "#0"}
			}
		},
		{
			"name": "Turret neck",
			"from": [5, 10.25, 5],
			"to": [11, 11, 11],
			"rotation": {"angle": 0, "axis": "y", "origin": [5.25, 10.25, 5.2]},
			"faces": {
				"north": {"uv": [3.875, 2.6875, 4.625, 2.78125], "texture": "#0"},
				"east": {"uv": [7.8125, 7.375, 8.5625, 7.46875], "texture": "#0"},
				"south": {"uv": [7.84375, 0.4375, 8.59375, 0.53125], "texture": "#0"},
				"west": {"uv": [7.84375, 0.53125, 8.59375, 0.625], "texture": "#0"},
				"up": {"uv": [4.625, 6.625, 3.875, 5.875], "texture": "#0"},
				"down": {"uv": [5.375, 5.90625, 4.625, 6.65625], "texture": "#0"}
			}
		},
		{
			"name": "Turret neck interior",
			"from": [11, 11.25, 11],
			"to": [5, 10.25, 5],
			"rotation": {"angle": 0, "axis": "y", "origin": [11.25, 10.75, 11.2]},
			"faces": {
				"north": {"uv": [6.25, 1.1875, 7, 1.3125], "texture": "#0"},
				"east": {"uv": [5.0625, 6.65625, 5.8125, 6.78125], "texture": "#0"},
				"south": {"uv": [7.625, 4.40625, 8.375, 4.53125], "texture": "#0"},
				"west": {"uv": [7.625, 6.71875, 8.375, 6.84375], "texture": "#0"},
				"up": {"uv": [6.125, 6.65625, 5.375, 5.90625], "texture": "#0"},
				"down": {"uv": [6.6875, 5.15625, 5.9375, 5.90625], "texture": "#0"}
			}
		},
		{
			"name": "Turret",
			"from": [4.5, 11, 3.5],
			"to": [11.5, 14.5, 13.5],
			"rotation": {"angle": 0, "axis": "y", "origin": [4.75, 11, 3.7]},
			"faces": {
				"north": {"uv": [1.75, 6.46875, 2.625, 6.90625], "texture": "#0"},
				"east": {"uv": [0, 6, 1.25, 6.4375], "texture": "#0"},
				"south": {"uv": [2.625, 6.46875, 3.5, 6.90625], "texture": "#0"},
				"west": {"uv": [2.125, 6.03125, 3.375, 6.46875], "texture": "#0"},
				"up": {"uv": [3.25, 1.25, 2.375, 0], "texture": "#0"},
				"down": {"uv": [3.25, 1.25, 2.375, 2.5], "texture": "#0"}
			}
		},
		{
			"name": "Turret interior",
			"from": [11.25, 14.25, 13.25],
			"to": [4.75, 11.25, 3.75],
			"rotation": {"angle": 0, "axis": "y", "origin": [12, 14.75, 13.95]},
			"faces": {
				"north": {"uv": [0, 6.875, 0.8125, 7.25], "texture": "#0"},
				"east": {"uv": [6.0625, 4.5, 7.25, 4.875], "texture": "#0"},
				"south": {"uv": [0.8125, 6.875, 1.625, 7.25], "texture": "#0"},
				"west": {"uv": [6.125, 5.90625, 7.3125, 6.28125], "texture": "#0"},
				"up": {"uv": [4.3125, 4.84375, 3.5, 3.65625], "texture": "#0"},
				"down": {"uv": [4.6875, 0, 3.875, 1.1875], "texture": "#0"}
			}
		},
		{
			"name": "Cannopy",
			"from": [5, 14.5, 7.75],
			"to": [8, 15.75, 10.75],
			"rotation": {"angle": 0, "axis": "y", "origin": [5.25, 14.5, 7.95]},
			"faces": {
				"north": {"uv": [0.71875, 7.9375, 1.09375, 8.09375], "texture": "#0"},
				"east": {"uv": [2.28125, 7.96875, 2.65625, 8.125], "texture": "#0"},
				"south": {"uv": [3.6875, 7.96875, 4.0625, 8.125], "texture": "#0"},
				"west": {"uv": [4.0625, 7.96875, 4.4375, 8.125], "texture": "#0"},
				"up": {"uv": [6.4375, 7.84375, 6.0625, 7.46875], "texture": "#0"},
				"down": {"uv": [7.4375, 7.46875, 7.0625, 7.84375], "texture": "#0"}
			}
		},
		{
			"name": "Cannopy interior",
			"from": [7.5, 15.75, 10.25],
			"to": [5.5, 14.25, 8.25],
			"rotation": {"angle": 0, "axis": "y", "origin": [7.75, 15.5, 10.45]},
			"faces": {
				"north": {"uv": [8, 3.21875, 8.25, 3.40625], "texture": "#0"},
				"east": {"uv": [8, 3.40625, 8.25, 3.59375], "texture": "#0"},
				"south": {"uv": [8, 4.125, 8.25, 4.3125], "texture": "#0"},
				"west": {"uv": [5, 8, 5.25, 8.1875], "texture": "#0"},
				"up": {"uv": [5.9375, 8.125, 5.6875, 7.875], "texture": "#0"},
				"down": {"uv": [8.125, 6.84375, 7.875, 7.09375], "texture": "#0"}
			}
		},
		{
			"name": "Ammo stack",
			"from": [6.25, 11.25, 11],
			"to": [9.75, 13.75, 13],
			"rotation": {"angle": 0, "axis": "y", "origin": [6.5, 11.25, 11.2]},
			"faces": {
				"north": {"uv": [7.4375, 6.84375, 7.875, 7.15625], "texture": "#0"},
				"east": {"uv": [4.75, 7.875, 5, 8.1875], "texture": "#0"},
				"south": {"uv": [0.3125, 7.5, 0.75, 7.8125], "texture": "#0"},
				"west": {"uv": [7.875, 4.75, 8.125, 5.0625], "texture": "#0"},
				"up": {"uv": [4.3125, 5.84375, 3.875, 5.59375], "texture": "#0"},
				"down": {"uv": [1.875, 7.53125, 1.4375, 7.78125], "texture": "#0"}
			}
		},
		{
			"name": "Turret saddle",
			"from": [5, 8, 7.5],
			"to": [7, 8.75, 9.5],
			"rotation": {"angle": 0, "axis": "y", "origin": [5.25, 8, 7.7]},
			"faces": {
				"north": {"uv": [8.0625, 0.84375, 8.3125, 0.9375], "texture": "#0"},
				"east": {"uv": [8.0625, 0.9375, 8.3125, 1.03125], "texture": "#0"},
				"south": {"uv": [8.0625, 1.03125, 8.3125, 1.125], "texture": "#0"},
				"west": {"uv": [1.09375, 8.0625, 1.34375, 8.15625], "texture": "#0"},
				"up": {"uv": [3.25, 8.15625, 3, 7.90625], "texture": "#0"},
				"down": {"uv": [5.625, 7.90625, 5.375, 8.15625], "texture": "#0"}
			}
		},
		{
			"name": "Turret saddle",
			"from": [9, 8, 7.5],
			"to": [11, 8.75, 9.5],
			"rotation": {"angle": 0, "axis": "y", "origin": [9.25, 8, 7.7]},
			"faces": {
				"north": {"uv": [8.0625, 1.125, 8.3125, 1.21875], "texture": "#0"},
				"east": {"uv": [8.0625, 5.8125, 8.3125, 5.90625], "texture": "#0"},
				"south": {"uv": [8.0625, 5.90625, 8.3125, 6], "texture": "#0"},
				"west": {"uv": [5.9375, 8.0625, 6.1875, 8.15625], "texture": "#0"},
				"up": {"uv": [6.6875, 8.15625, 6.4375, 7.90625], "texture": "#0"},
				"down": {"uv": [6.9375, 7.90625, 6.6875, 8.15625], "texture": "#0"}
			}
		}
	],
	"groups": [
		{
			"name": "Turret",
			"origin": [8, 9, 5.75],
			"color": 0,
			"children": [0, 1, 2, 3, 4, 5, 6, 7, 8, 9, 10, 11, 12]
		}
	]
}