{
	"credit": "Made with Blockbench",
	"texture_size": [512, 512],
	"textures": {
		"0": "item/t34_texture"
	},
	"elements": [
		{
			"name": "Tank wheel",
			"from": [6.475, 6.225, 6.225],
			"to": [9.525, 9.775, 9.775],
			"rotation": {"angle": 0, "axis": "y", "origin": [8, 8, 8]},
			"faces": {
				"north": {"uv": [0, 0, 0.03125, 0.03125], "texture": "#0"},
				"east": {"uv": [0.4375, 0, 0, 0.4375], "texture": "#0"},
				"south": {"uv": [0, 0, 0.03125, 0.03125], "texture": "#0"},
				"west": {"uv": [0, 0, 0.4375, 0.4375], "texture": "#0"},
				"up": {"uv": [0, 0, 0.03125, 0.03125], "texture": "#0"},
				"down": {"uv": [0, 0, 0.03125, 0.03125], "texture": "#0"}
			}
		}
	]
}