{
	"model": {
		"type": "range_dispatch",
		"property": "custom_model_data",
		"fallback": {
			"type": "model",
			"model": "item/iron_ingot"
		},
		"entries": [
			{"threshold": 1, "model": {"type": "model","model": "vehicle_models:tank_parts/panzer4_body"}},
			{"threshold": 2, "model": {"type": "model","model": "vehicle_models:tank_parts/panzer4_turret"}},
			{"threshold": 3, "model": {"type": "model","model": "vehicle_models:tank_parts/panzer4_barrel"}},
			{"threshold": 4, "model": {"type": "model","model": "vehicle_models:tank_parts/panzer4_wheel"}},
			{"threshold": 5, "model": {"type": "model","model": "vehicle_models:misc/invis_item"}},
			{"threshold": 6, "model": {"type": "model","model": "vehicle_models:tank_parts/t34_body"}},
			{"threshold": 7, "model": {"type": "model","model": "vehicle_models:tank_parts/t34_turret"}},
			{"threshold": 8, "model": {"type": "model","model": "vehicle_models:tank_parts/t34_barrel"}},
			{"threshold": 9, "model": {"type": "model","model": "vehicle_models:tank_parts/t34_wheel"}}
		]
	}
}