{
  "parent": "minecraft:item/generated",
  "textures": {
    "layer0": "minecraft:item/iron_ingot"
  },
  "overrides" : [
    { "predicate": { "custom_model_data": 1 }, "model": "vehicle_models:tank_parts/panzer4_body" },
    { "predicate": { "custom_model_data": 2 }, "model": "vehicle_models:tank_parts/panzer4_turret" },
    { "predicate": { "custom_model_data": 3 }, "model": "vehicle_models:tank_parts/panzer4_barrel" },
    { "predicate": { "custom_model_data": 4 }, "model": "vehicle_models:tank_parts/panzer4_wheel" },
    { "predicate": { "custom_model_data": 5 }, "model": "vehicle_models:misc/invis_item" }
  ]
}