{
	"credit": "Made with Blockbench",
	"textures": {
		"0": "item/tank_shell"
	},
	"elements": [
		{
			"from": [6.5, 0, 4],
			"to": [9.5, 3, 14],
			"rotation": {"angle": 0, "axis": "y", "origin": [6, 0, 4]},
			"faces": {
				"north": {"uv": [6, 6, 9, 9], "texture": "#0"},
				"east": {"uv": [0, 0, 10, 3], "texture": "#0"},
				"south": {"uv": [6, 9, 9, 12], "texture": "#0"},
				"west": {"uv": [0, 3, 10, 6], "texture": "#0"},
				"up": {"uv": [3, 16, 0, 6], "texture": "#0"},
				"down": {"uv": [6, 6, 3, 16], "texture": "#0"}
			}
		},
		{
			"from": [7, 0.5, 1],
			"to": [9, 2.5, 5],
			"rotation": {"angle": 0, "axis": "y", "origin": [7, 0, 1]},
			"faces": {
				"north": {"uv": [10, 4, 12, 6], "texture": "#0"},
				"east": {"uv": [9, 6, 13, 8], "texture": "#0"},
				"south": {"uv": [11, 10, 13, 12], "texture": "#0"},
				"west": {"uv": [9, 8, 13, 10], "texture": "#0"},
				"up": {"uv": [12, 4, 10, 0], "texture": "#0"},
				"down": {"uv": [11, 10, 9, 14], "texture": "#0"}
			}
		}
	],
	"display": {
		"thirdperson_righthand": {
			"translation": [0, 7.75, 0]
		},
		"thirdperson_lefthand": {
			"translation": [0, 7.75, 0]
		},
		"firstperson_righthand": {
			"rotation": [0, 70, 0],
			"translation": [0, 7.5, 0]
		},
		"firstperson_lefthand": {
			"rotation": [0, 70, 0],
			"translation": [0, 7.5, 0]
		},
		"ground": {
			"translation": [0, 5.5, 0]
		},
		"gui": {
			"rotation": [30, 152, 0],
			"translation": [0, 10.75, 0],
			"scale": [2, 2, 2]
		}
	}
}