{
	"engine.engine_idle": {
		"sounds": [
			{
				"name": "engines/tank_engine_idle",
				"attenuation_distance": 16
			}
		]
	},
	"engine.engine_throttle": {
		"sounds": [
			{
				"name": "engines/tank_engine_throttle",
				"attenuation_distance": 16
			}
		]
	},
	"explosion.tank_fire_close": {
		"sounds": [
			{
				"name": "explosions/tank_fire_close",
				"attenuation_distance": 32
			}
		]
	},
	"explosion.tank_fire_far": {
		"sounds": [
			{
				"name": "explosions/tank_fire_far",
				"attenuation_distance": 64
			}
		]
	},
	"misc.tank_shell_load": {
		"sounds": [
			{
				"name": "misc/tank_shell_load",
				"attenuation_distance": 16
			}
		]
	}
}